github_url,file_path,signature,static_match
github.com/alvaroruizp/spanish-twitter-sentiment-analyzer,scripts/functions.py,es_core_news_md.load,spacy/es_core_news_md
github.com/pipe11/TFM_fake_news_detector,heroku_app/fake_news_detector_app.py,es_core_news_md.load,spacy/es_core_news_md
github.com/pipe11/TFM_fake_news_detector,predictors/fake_news_detector_app.py,es_core_news_md.load,spacy/es_core_news_md
github.com/SaturdaysAI/Projects,LATAM_remote/InfoVac-main/src/models/support_functions.py,es_core_news_md.load,spacy/es_core_news_md
github.com/pipe11/TFM_fake_news_detector,predictors/fake_news_detector_app2.py,es_core_news_md.load,spacy/es_core_news_md
github.com/SaturdaysAI/Projects,Donostia/Donostia2020/algorithmic_marketing/nlp.py,es_core_news_md.load,spacy/es_core_news_md
github.com/alvaroruizp/spanish-twitter-sentiment-analyzer,scripts/transform_tweet.py,es_core_news_md.load,spacy/es_core_news_md
github.com/luismond/tm2tb,tm2tb/spacy_models.py,es_core_news_md.load,spacy/es_core_news_md
github.com/amosproj/amos2023ss03-qachat,QAChat/Data_Processing/document_embedder.py,de_core_news_sm.load,spacy/de_core_news_sm
github.com/SHEERANER/Modelzoo_centermask_pytorch,PyTorch/built-in/nlp/GRU_for_PyTorch/bleu_score.py,de_core_news_sm.load;de_core_news_sm.load,spacy/de_core_news_sm
github.com/SHEERANER/Modelzoo_centermask_pytorch,PyTorch/built-in/nlp/GRU_for_PyTorch/gru_1p.py,de_core_news_sm.load;de_core_news_sm.load,spacy/de_core_news_sm
github.com/SHEERANER/Modelzoo_centermask_pytorch,PyTorch/built-in/nlp/GRU_for_PyTorch/gru_8p.py,de_core_news_sm.load;de_core_news_sm.load,spacy/de_core_news_sm
github.com/Ascend/ModelZoo-PyTorch,PyTorch/built-in/nlp/GRU_for_PyTorch/gru_8p.py,de_core_news_sm.load;de_core_news_sm.load,spacy/de_core_news_sm
github.com/Ascend/ModelZoo-PyTorch,PyTorch/built-in/nlp/GRU_for_PyTorch/gru_1p.py,de_core_news_sm.load;de_core_news_sm.load,spacy/de_core_news_sm
github.com/wapping/annotated-transformer,transformer.py,de_core_news_sm.load;de_core_news_sm.load,spacy/de_core_news_sm
github.com/acdh-oeaw/apis-core,apis_core/helper_functions/dl_models.py,de_core_news_sm.load,spacy/de_core_news_sm
github.com/Ascend/ModelZoo-PyTorch,PyTorch/built-in/nlp/GRU_for_PyTorch/bleu_score.py,de_core_news_sm.load;de_core_news_sm.load,spacy/de_core_news_sm
github.com/luismond/tm2tb,tm2tb/spacy_models.py,pt_core_news_md.load,spacy/pt_core_news_md
github.com/datasittersclub/site,site/_build/jupyter_execute/dscm2.py,fr_core_news_sm.load,spacy/fr_core_news_sm
github.com/rpgauthier/ComputationalThematicAnalysisToolkit,src/Common/Objects/Utilities/Datasets.py,fr_core_news_sm.load,spacy/fr_core_news_sm
github.com/common-voice/commonvoice-fr,CommonVoice-Data/libretheatre.py,fr_core_news_sm.load,spacy/fr_core_news_sm
github.com/cyclecycle/visualise-spacy-tree,visualise_spacy_tree/test/test_plot.py,en_core_web_sm.load,spacy/en_core_web_sm
github.com/survivorchicken9/resume-optimizer,main.py,en_core_web_sm.load,spacy/en_core_web_sm
github.com/sahanbull/context-agnostic-engagement,context_agnostic_engagement/feature_extraction/_text_utils.py,en_core_web_sm.load,spacy/en_core_web_sm
github.com/digitalepidemiologylab/crowdbreaks-streamer-v1,web/app/stream/trending_topics.py,en_core_web_sm.load,spacy/en_core_web_sm
github.com/CR-Gjx/Img2Prompt,VL_captioning/Imape2Prompt_evaluation.py,en_core_web_sm.load,spacy/en_core_web_sm
github.com/Alaa-Ah/Stacked-Model-for-Argument-Mining,src/transformers_ML/config.py,en_core_web_sm.load,spacy/en_core_web_sm
github.com/ClarityNLP/ClarityNLP,nlp/algorithms/finder/named_entity_recognition.py,en_core_web_sm.load,spacy/en_core_web_sm
github.com/pavanchhatpar/copynet-tf,examples/greetings/greetings/dataset.py,en_core_web_sm.load,spacy/en_core_web_sm
github.com/autonomio/signs,signs/commands/load_vectors.py,en_core_web_sm.load,spacy/en_core_web_sm
github.com/THUDM/Efficient-Head-Finetuning,SwissArmyTransformer_adapted/SwissArmyTransformer/model/finetune/utils.py,en_core_web_sm.load,spacy/en_core_web_sm
github.com/AlexMikhalev/cord19redisknowledgegraph,spacy_sentences_geared.py,en_core_web_sm.load,spacy/en_core_web_sm
github.com/seclab-fudan/APIGraph,src/getAllRelations.py,en_core_web_sm.load,spacy/en_core_web_sm
github.com/DataSenseiAryan/NLPJenny,pages/basicNLP.py,en_core_web_sm.load;en_core_web_sm.load,spacy/en_core_web_sm
github.com/cyclecycle/role-pattern-nlp,examples/build_pattern.py,en_core_web_sm.load,spacy/en_core_web_sm
github.com/hsma-chief-elf/hsma3,Relation_Extraction_Tutorial/1_relation_extraction_hyponymy.py,en_core_web_sm.load,spacy/en_core_web_sm
github.com/DataSenseiAryan/NLPJenny,pages/nertm.py,en_core_web_sm.load;en_core_web_sm.load;en_core_web_sm.load,spacy/en_core_web_sm
github.com/jd7h/sentiment-lexicon-skyrim,src/clean_imperial_library.py,en_core_web_sm.load;en_core_web_sm.load,spacy/en_core_web_sm
github.com/fsiddh/Machine-Learning-Masters,Sessions/17) Machine Learning Module 3/sentiment_analysis/sentiment_analysis_deploy/com_in_ineuron_ai_utils/utils.py,en_core_web_sm.load;en_core_web_sm.load,spacy/en_core_web_sm
github.com/THUDM/SwissArmyTransformer,examples/roberta/finetune_roberta_wsc.py,en_core_web_sm.load,spacy/en_core_web_sm
github.com/VenkateshDas/TwitterTreasures,helper_functions.py,en_core_web_sm.load,spacy/en_core_web_sm
github.com/PacktPublishing/Artificial-Vision-and-Language-Processing-for-Robotics,Lesson07/Activity07/chatbot_intro.py,en_core_web_sm.load,spacy/en_core_web_sm
github.com/EleanorJiang/blonde,blonde/processing.py,en_core_web_sm.load,spacy/en_core_web_sm
github.com/deep-spin/understanding-spigot,nli/filtered_snli.py,en_core_web_sm.load,spacy/en_core_web_sm
github.com/PacktPublishing/Hands-On-Artificial-Intelligence-for-Banking,Chapter07/7A_Sentiment/lib_cnt_sentiment.py,en_core_web_sm.load,spacy/en_core_web_sm
github.com/BELMALLEM/ChatBot,ChatBot/text_process.py,en_core_web_sm.load,spacy/en_core_web_sm
github.com/microsoft/jericho,jericho/util.py,en_core_web_sm.load,spacy/en_core_web_sm
github.com/deeppavlov/dialog_flow_sdk,annotators/entity_linking/kbqa_entity_linking.py,en_core_web_sm.load,spacy/en_core_web_sm
github.com/deeppavlov/dream,skills/dff_wiki_skill/dialogflows/flows/wiki.py,en_core_web_sm.load,spacy/en_core_web_sm
github.com/Workday/prism-python,examples/2_predict_topics.py,en_core_web_sm.load,spacy/en_core_web_sm
github.com/AMontgomerie/CEFR-English-Level-Predictor,cefr_predictor/preprocessing.py,en_core_web_sm.load,spacy/en_core_web_sm
github.com/h2oai/driverlessai-recipes,transformers/nlp/text_named_entities_transformer.py,en_core_web_sm.load,spacy/en_core_web_sm
github.com/cyclecycle/role-pattern-nlp,examples/refine_pattern.py,en_core_web_sm.load,spacy/en_core_web_sm
github.com/ahmed91abbas/wiki-relations,relations-finder/src/relations_finder.py,en_core_web_sm.load,spacy/en_core_web_sm
github.com/johnsonandjohnson/nlprov,nlprov/__init__.py,en_core_web_sm.load,spacy/en_core_web_sm
github.com/brightics/studio,function/python/brightics/function/textanalytics/ner.py,en_core_web_sm.load,spacy/en_core_web_sm
github.com/parthplc/TeachEasy,spacysum.py,en_core_web_sm.load,spacy/en_core_web_sm
github.com/orensul/analogies_mining,coref.py,en_core_web_sm.load,spacy/en_core_web_sm
github.com/RubensZimbres/Repo-2021,onnx_PyTorch_TF/Transformer.py,en_core_web_sm.load,spacy/en_core_web_sm
github.com/castorfou/data-scientist-skills,python-sandbox/feature-engineering-for-nlp-in-python/exports_py/chapter 4.py,en_core_web_sm.load,spacy/en_core_web_sm
github.com/Alaa-Ah/Stacked-Model-for-Argument-Mining,src/data_parser/essays_parser.py,en_core_web_sm.load,spacy/en_core_web_sm
github.com/fsiddh/Machine-Learning-Masters,Sessions/17) Machine Learning Module 3/sentiment_analysis/sentiment_analysis_deploy/com_in_ineuron_ai_prediction/predictApp.py,en_core_web_sm.load,spacy/en_core_web_sm
github.com/digitalepidemiologylab/crowdbreaks-streamer-v1,web/app/utils/process_text.py,en_core_web_sm.load,spacy/en_core_web_sm
github.com/fhooton/FoodMine,src/filter.py,en_core_web_sm.load,spacy/en_core_web_sm
github.com/deeppavlov/dream,skills/dff_animals_skill/dialogflows/flows/animals.py,en_core_web_sm.load,spacy/en_core_web_sm
github.com/dataqa/nlp-labelling,src/dataqa/nlp/spacy_nlp.py,en_core_web_sm.load,spacy/en_core_web_sm
github.com/wyshi/lm_privacy,utils.py,en_core_web_sm.load,spacy/en_core_web_sm
github.com/ncbi-nlp/BLUE_Benchmark,blue/ext/preprocessing.py,en_core_web_sm.load,spacy/en_core_web_sm
github.com/cookwherever/cookwherever,etl/python/direction_parser/main.py,en_core_web_sm.load,spacy/en_core_web_sm
github.com/luisfredgs/extractive-text-summarization,summarization.py,en_core_web_sm.load,spacy/en_core_web_sm
github.com/kenneym/bug_classification_research,nlp_engine/Preprocessing.py,en_core_web_sm.load,spacy/en_core_web_sm
github.com/guillaume-chevalier/ReuBERT,src/domain/pipeline_steps/question_response_evaluator/wh_question_response_evaluator.py,en_core_web_sm.load,spacy/en_core_web_sm
github.com/AnjaneyaTripathi/ontology-knowledge-graph,extraction.py,en_core_web_sm.load,spacy/en_core_web_sm
github.com/MemphisMeng/Brilliant-Recommendation-System,default_promotion.py,en_core_web_sm.load,spacy/en_core_web_sm
github.com/NJUNLP/CoP,utils/entity_loss.py,en_core_web_sm.load,spacy/en_core_web_sm
github.com/AlexMikhalev/cord19redisknowledgegraph,spacy_sentences_streams.py,en_core_web_sm.load,spacy/en_core_web_sm
github.com/mtrusca/HAABSA_PLUS_PLUS,dataReader2016.py,en_core_web_sm.load,spacy/en_core_web_sm
github.com/aashaar/Question-Answering-System-NLP,code/NLPFeatures.py,en_core_web_sm.load,spacy/en_core_web_sm
github.com/MoinDalvs/Resume_Screening_and_Parser,upload_containter_resume_classification.py,en_core_web_sm.load,spacy/en_core_web_sm
github.com/cyclecycle/spacy-pattern-builder,examples/example_1.py,en_core_web_sm.load,spacy/en_core_web_sm
github.com/Alvin2580du/alvin_py,business/for_Order/ners.py,en_core_web_sm.load,spacy/en_core_web_sm
github.com/AnjaneyaTripathi/knowledge_graph,scripts/svo_extractor.py,en_core_web_sm.load,spacy/en_core_web_sm
github.com/laxmimerit/preprocess_kgptalkie,preprocess_kgptalkie/utils.py,en_core_web_sm.load,spacy/en_core_web_sm
github.com/EleanorJiang/blonde,BWB/BWBReader.py,en_core_web_sm.load,spacy/en_core_web_sm
github.com/Vijay-Yosi/biostack,utilities/ClarityNLP/nlp/algorithms/segmentation/segmentation.py,en_core_web_sm.load,spacy/en_core_web_sm
github.com/IBM/TSLM-DISCOURSE-MARKERS,tools/extract_dm_from_wiki_dataset.py,en_core_web_sm.load,spacy/en_core_web_sm
github.com/AnTi-anti/chat_bot,第三课 用基础机器学习方法制作聊天机器人/chatbot/app.py,en_core_web_sm.load,spacy/en_core_web_sm
github.com/aashaar/Question-Answering-System-NLP,code_task1.py,en_core_web_sm.load,spacy/en_core_web_sm
github.com/shahjaidev/NLP_Radicalization_detection,smart_autoplay_sequence_tfidf.py,en_core_web_sm.load,spacy/en_core_web_sm
github.com/brandeis-machine-learning/InfectionMechanismSpectrumPrediction,support/Text2vec/text2vec.py,en_core_web_sm.load,spacy/en_core_web_sm
github.com/Roboy/ravestate,modules/ravestate_nlp/__init__.py,en_core_web_sm.load,spacy/en_core_web_sm
github.com/RUCKBReasoning/GLM-Dialog,docker/SwissArmyTransformer/examples/roberta/finetune_roberta_wsc.py,en_core_web_sm.load,spacy/en_core_web_sm
github.com/memgraph/reddit-network-explorer,memgraph/procedures/sentiment_analyzer.py,en_core_web_sm.load,spacy/en_core_web_sm
github.com/dhinu95/Resume-Parser-Using-NLP,name.py,en_core_web_sm.load,spacy/en_core_web_sm
github.com/empirical-org/Quill-NLP-Tools-and-Datasets,scripts/quillgrammar/evaluate_bea.py,en_core_web_sm.load,spacy/en_core_web_sm
github.com/MainakRepositor/Paribhasha,pages/basicNLP.py,en_core_web_sm.load;en_core_web_sm.load,spacy/en_core_web_sm
github.com/rock3125/enhanced-subject-verb-object-extraction,subject_verb_object_extract.py,en_core_web_sm.load,spacy/en_core_web_sm
github.com/kohpangwei/data-poisoning-journal-release,influence/influence/nlprocessor.py,en_core_web_sm.load,spacy/en_core_web_sm
github.com/MarkSecada/key2vec,key2vec/key2vec.py,en_core_web_sm.load,spacy/en_core_web_sm
github.com/chnsh/deep-semantic-code-search,code_summarization_transfer_learning/lang_model_utils.py,en_core_web_sm.load,spacy/en_core_web_sm
github.com/wellcometrust/deep_reference_parser,deep_reference_parser/split_parse.py,en_core_web_sm.load,spacy/en_core_web_sm
github.com/NJUNLP/CoP,PromptTuning/utils.py,en_core_web_sm.load,spacy/en_core_web_sm
github.com/osuossu8/CommonLitReadabilityPrize,exp/083.py,en_core_web_sm.load,spacy/en_core_web_sm
github.com/hsma-chief-elf/hsma3,11B_Named_Entity_Recognition_for_NLP/trump_extract.py,en_core_web_sm.load,spacy/en_core_web_sm
github.com/fusion-jena/JenTab,services/Solver/preprocessing/type_prediciton/solver.py,en_core_web_sm.load,spacy/en_core_web_sm
github.com/eolecvk/InfluenceFunctions,influence/nlprocessor.py,en_core_web_sm.load,spacy/en_core_web_sm
github.com/yanmsong/Skills-Extraction-from-Data-Science-Job-Postings,script/WordCloudGeneration.py,en_core_web_sm.load,spacy/en_core_web_sm
github.com/prakharrathi25/Text-Analytics-Tool,app.py,en_core_web_sm.load,spacy/en_core_web_sm
github.com/RubensZimbres/Repo-2021,Transformer/Transformer_PyTorch_TXT_GPU.py,en_core_web_sm.load,spacy/en_core_web_sm
github.com/Rspot78/MS_Big_Data,P4/INF344_donnes_web/tp/tp4_named_entity_recognition/type/essais.py,en_core_web_sm.load,spacy/en_core_web_sm
github.com/osdg-ai/osdg-tool,sdgFinder.py,en_core_web_sm.load,spacy/en_core_web_sm
github.com/AMontgomerie/question_generator,training/dataset.py,en_core_web_sm.load,spacy/en_core_web_sm
github.com/richardsun-voyager/UAFTC,data_processor.py,en_core_web_sm.load,spacy/en_core_web_sm
github.com/loretoparisi/fasttext.py,fasttext/utils.py,en_core_web_sm.load,spacy/en_core_web_sm
github.com/utahnlp/knowledge_infotabs,scripts/preprocess/bpr.py,en_core_web_sm.load;en_core_web_sm.load,spacy/en_core_web_sm
github.com/Alvin2580du/alvin_py,resources/spacy_analysis.py,en_core_web_sm.load;en_core_web_sm.load;en_core_web_sm.load;en_core_web_sm.load,spacy/en_core_web_sm
github.com/SwapneelM/Protobot,qa/views.py,en_core_web_sm.load,spacy/en_core_web_sm
github.com/autonomio/signs,signs/vectorize/spacy.py,en_core_web_sm.load,spacy/en_core_web_sm
github.com/RubensZimbres/Repo-2021,Transformer/Transformer_PyTorch_Custom_Dataset.py,en_core_web_sm.load,spacy/en_core_web_sm
github.com/CR-Gjx/Img2Prompt,VL_captioning/utils.py,en_core_web_sm.load,spacy/en_core_web_sm
github.com/SHEERANER/Modelzoo_centermask_pytorch,PyTorch/built-in/nlp/GRU_for_PyTorch/bleu_score.py,en_core_web_sm.load,spacy/en_core_web_sm
github.com/wellcometrust/deep_reference_parser,tests/prodigy/test_spacy_doc_to_prodigy.py,en_core_web_sm.load,spacy/en_core_web_sm
github.com/sahanbull/VLE-Dataset,helper_code/feature_extraction/_text_utils.py,en_core_web_sm.load,spacy/en_core_web_sm
github.com/Wangt-CN/VQG-GCN,dataset_vqg.py,en_core_web_sm.load,spacy/en_core_web_sm
github.com/Wangt-CN/VQG-GCN,data/preprocess_text.py,en_core_web_sm.load,spacy/en_core_web_sm
github.com/fsiddh/Machine-Learning-Masters,Sessions/20) Natural Language Processing (NLP)/sentiment_analysis/sentiment_analysis_deploy/com_in_ineuron_ai_prediction/predictApp.py,en_core_web_sm.load,spacy/en_core_web_sm
github.com/SHEERANER/Modelzoo_centermask_pytorch,PyTorch/built-in/nlp/GRU_for_PyTorch/gru_1p.py,en_core_web_sm.load,spacy/en_core_web_sm
github.com/guillaume-chevalier/ReuBERT,src/domain/pipeline_steps/question_response_evaluator/or_question_response_evaluator.py,en_core_web_sm.load,spacy/en_core_web_sm
github.com/ankancode/Question_Answering_System_Using_BERT,search_preprocess_predict.py,en_core_web_sm.load,spacy/en_core_web_sm
github.com/watsona4/dot_julia,packages/SemanticModels/E5F3j/examples/semanticClustering/subjectVerbObjectExtractUtil.py,en_core_web_sm.load,spacy/en_core_web_sm
github.com/kohpangwei/influence-release,influence/nlprocessor.py,en_core_web_sm.load,spacy/en_core_web_sm
github.com/Alaa-Ah/Stacked-Model-for-Argument-Mining,src/classical_ML/src/config.py,en_core_web_sm.load,spacy/en_core_web_sm
github.com/hsma-chief-elf/hsma3,11B_Named_Entity_Recognition_for_NLP/Solutions/exercise_2_solution.py,en_core_web_sm.load,spacy/en_core_web_sm
github.com/scofield7419/DiaRE-D2G,data/D2G_construction/dep-parsing/tokenizers.py,en_core_web_sm.load,spacy/en_core_web_sm
github.com/wellcometrust/deep_reference_parser,deep_reference_parser/prodigy/reach_to_prodigy.py,en_core_web_sm.load,spacy/en_core_web_sm
github.com/dod-advana/gamechanger-ml,gamechangerml/src/featurization/term_extract/term_extract.py,en_core_web_sm.load;en_core_web_sm.load,spacy/en_core_web_sm
github.com/dasabir/CS29006_SW_Lab_Spr2023,Python_Tkinter_Assignment/my_package/model.py,en_core_web_sm.load,spacy/en_core_web_sm
github.com/gbt4/redactAI,main.py,en_core_web_sm.load,spacy/en_core_web_sm
github.com/SHEERANER/Modelzoo_centermask_pytorch,PyTorch/built-in/nlp/GRU_for_PyTorch/gru_8p.py,en_core_web_sm.load,spacy/en_core_web_sm
github.com/aimbrain/vqa-project,data/preprocess_text.py,en_core_web_sm.load,spacy/en_core_web_sm
github.com/onyalcin/M-PATH,dialogue_system/dialogue/similarity_algorithms.py,en_core_web_sm.load,spacy/en_core_web_sm
github.com/minggli/chatbot,chatbot/nlp/sparse.py,en_core_web_sm.load,spacy/en_core_web_sm
github.com/dasabir/CS29006_SW_Lab_Spr2023,Python_DS_Assignment_Question_02/my_package/model.py,en_core_web_sm.load,spacy/en_core_web_sm
github.com/wellcometrust/WellcomeML,tests/test_ner_spacy.py,en_core_web_sm.load,spacy/en_core_web_sm
github.com/empirical-org/Quill-NLP-Tools-and-Datasets,scripts/quillgrammar/test_jamspell_on_correct_sentences.py,en_core_web_sm.load,spacy/en_core_web_sm
github.com/rohitbakoliya/sieve.ai,middleware/app.py,en_core_web_sm.load,spacy/en_core_web_sm
github.com/Social-Media-Public-Analysis/murphy,murphy/nlp_tools.py,en_core_web_sm.load,spacy/en_core_web_sm
github.com/applied-knowledge-systems/the-pattern-platform,streamed_based/spacy_sentences_streams.py,en_core_web_sm.load,spacy/en_core_web_sm
github.com/uktrade/pii-secret-check-hooks,pii_secret_check_hooks/check_file/ner.py,en_core_web_sm.load,spacy/en_core_web_sm
github.com/mchesterkadwell/named-entity-recognition,doccano/doccano_named_ents.py,en_core_web_sm.load,spacy/en_core_web_sm
github.com/sdelgadoc/twitter-bot-as-a-service,app.py,en_core_web_sm.load,spacy/en_core_web_sm
github.com/hsma-chief-elf/hsma3,Relation_Extraction_Tutorial/2_relation_extraction_subtree_dependencies.py,en_core_web_sm.load,spacy/en_core_web_sm
github.com/Vijay-Yosi/biostack,utilities/ClarityNLP/nlp/algorithms/finder/named_entity_recognition.py,en_core_web_sm.load,spacy/en_core_web_sm
github.com/raneamol/SpearCRM,backend/app/main/spacy_trainer.py,en_core_web_sm.load,spacy/en_core_web_sm
github.com/mpavlovic/serverless-machine-learning,spacy-example/handler.py,en_core_web_sm.load,spacy/en_core_web_sm
github.com/odaxiom/gdpr-censor,gdpr/__init__.py,en_core_web_sm.load,spacy/en_core_web_sm
github.com/poojaajith/FINAL-YEAR-PROJECT,PYTHON CODES/check_admingo.py,en_core_web_sm.load,spacy/en_core_web_sm
github.com/lasigeBioTM/BiOnt,src/parse_xml.py,en_core_web_sm.load,spacy/en_core_web_sm
github.com/aashaar/Question-Answering-System-NLP,code/main_file.py,en_core_web_sm.load,spacy/en_core_web_sm
github.com/Ascend/ModelZoo-PyTorch,PyTorch/built-in/nlp/GRU_for_PyTorch/gru_8p.py,en_core_web_sm.load,spacy/en_core_web_sm
github.com/nasa-jpl/ASSESS,api/plugins/Vectorizer/tf_idf.py,en_core_web_sm.load,spacy/en_core_web_sm
github.com/Sense-GVT/SNCSE,generate_soft_negative_samples.py,en_core_web_sm.load,spacy/en_core_web_sm
github.com/varun196/knowledge_graph_from_unstructured_text,knowledge_graph.py,en_core_web_sm.load,spacy/en_core_web_sm
github.com/lasigeBioTM/BOLSTM,zhangmodel/Sourcecode/parse_text.py,en_core_web_sm.load,spacy/en_core_web_sm
github.com/cyclecycle/spacy-pattern-builder,test/test_spacy_pattern_builder.py,en_core_web_sm.load,spacy/en_core_web_sm
github.com/castorfou/data-scientist-skills,python-sandbox/natural-language-processing-fundamentals-in-python/exports_py/chapter 3.py,en_core_web_sm.load,spacy/en_core_web_sm
github.com/IBM/span-selection-pretraining,sspt/sspt_gen_async.py,en_core_web_sm.load,spacy/en_core_web_sm
github.com/wellcometrust/deep_reference_parser,deep_reference_parser/split.py,en_core_web_sm.load,spacy/en_core_web_sm
github.com/stef-aramp/NLP_with_Web_Scraping_Text_Mining_and_Classification,nlp_with_spacy.py,en_core_web_sm.load,spacy/en_core_web_sm
github.com/wellcometrust/deep_reference_parser,deep_reference_parser/parse.py,en_core_web_sm.load,spacy/en_core_web_sm
github.com/deeppavlov/dream,common/entity_utils.py,en_core_web_sm.load,spacy/en_core_web_sm
github.com/ClarityNLP/ClarityNLP,nlp/algorithms/segmentation/segmentation.py,en_core_web_sm.load,spacy/en_core_web_sm
github.com/CornellDataScience/Summarization,textrank.py,en_core_web_sm.load,spacy/en_core_web_sm
github.com/Ascend/ModelZoo-PyTorch,PyTorch/built-in/nlp/GRU_for_PyTorch/gru_1p.py,en_core_web_sm.load,spacy/en_core_web_sm
github.com/MLTSEO/MLTS,NLP/normalization.py,en_core_web_sm.load,spacy/en_core_web_sm
github.com/lasigeBioTM/BOLSTM,src/parse_text.py,en_core_web_sm.load,spacy/en_core_web_sm
github.com/deepanrajm/machine_learning,NLP/6_Dependency_parsing.py,en_core_web_sm.load,spacy/en_core_web_sm
github.com/dermatologist/nlp-qrmine,src/qrmine/content.py,en_core_web_sm.load,spacy/en_core_web_sm
github.com/roemmele/answerquest,answerquest/pipeline.py,en_core_web_sm.load,spacy/en_core_web_sm
github.com/BloomTech-Labs/tally-ai-ds,previous_labs_django_app/tallylib/textrank.py,en_core_web_sm.load,spacy/en_core_web_sm
github.com/tomerwolgithub/Break,break_utility/bert_rc/hotpot_to_squad2.py,en_core_web_sm.load,spacy/en_core_web_sm
github.com/PacktWorkshops/The-Natural-Language-Processing-Workshop,Chapter02/Exercise2.19/Exercise2.19_Unit_Test.py,en_core_web_sm.load,spacy/en_core_web_sm
github.com/deepanrajm/machine_learning,NLP/7_word_vec.py,en_core_web_sm.load,spacy/en_core_web_sm
github.com/chnsh/deep-semantic-code-search,code_summarization_transfer_learning/feature_extractor.py,en_core_web_sm.load,spacy/en_core_web_sm
github.com/robb0wen/disruptive-breakfast,main.py,en_core_web_sm.load,spacy/en_core_web_sm
github.com/svrijenhoek/RADio,dart/preprocess/nlp.py,en_core_web_sm.load,spacy/en_core_web_sm
github.com/Alvin2580du/alvin_py,resources/spacy_ner.py,en_core_web_sm.load,spacy/en_core_web_sm
github.com/milibiswas/taxonomy-enrichment,src/code/preprocess/svo/subject_verb_object_extract.py,en_core_web_sm.load,spacy/en_core_web_sm
github.com/FengleiFan/IndependentEvaluation,Code For Figure 3/influence/nlprocessor.py,en_core_web_sm.load,spacy/en_core_web_sm
github.com/ZhihuiYangCS/CorrProxies,operators/ml_operators/text_operators/spacy/spacy_operator.py,en_core_web_sm.load,spacy/en_core_web_sm
github.com/uds-lsv/StereoKG,data_processing/triple_generation.py,en_core_web_sm.load,spacy/en_core_web_sm
github.com/cdluminate/ladderloss,Code/ladderloss.py,en_core_web_sm.load,spacy/en_core_web_sm
github.com/Chaoste/nlp-stocks,src/nlp_utils.py,en_core_web_sm.load,spacy/en_core_web_sm
github.com/mpavlovic/serverless-machine-learning,spacy-assignment/handler.py,en_core_web_sm.load,spacy/en_core_web_sm
github.com/AMontgomerie/question_generator,questiongenerator.py,en_core_web_sm.load,spacy/en_core_web_sm
github.com/MainakRepositor/Paribhasha,pages/nertm.py,en_core_web_sm.load;en_core_web_sm.load;en_core_web_sm.load,spacy/en_core_web_sm
github.com/Lednik7/SpacyToolKit,examples/simple_model.py,en_core_web_sm.load,spacy/en_core_web_sm
github.com/wapping/annotated-transformer,transformer.py,en_core_web_sm.load;en_core_web_sm.load,spacy/en_core_web_sm
github.com/asad70/reddit-sentiment-analysis,reddit-sentiment-analysis.py,en_core_web_sm.load,spacy/en_core_web_sm
github.com/dod-advana/gamechanger-data,tests/dependency_tests/python_and_system_prereqs/test_ml_models.py,en_core_web_sm.load,spacy/en_core_web_sm
github.com/RubensZimbres/Repo-2021,Transformer/Transformer_PyTorch_Translation_TXT.py,en_core_web_sm.load,spacy/en_core_web_sm
github.com/MananSuri27/Article,article.py,en_core_web_sm.load,spacy/en_core_web_sm
github.com/deepanrajm/machine_learning,NLP/5_Parts_of_speech.py,en_core_web_sm.load,spacy/en_core_web_sm
github.com/hsma-chief-elf/hsma3,11B_Named_Entity_Recognition_for_NLP/Solutions/exercise_1_solution.py,en_core_web_sm.load,spacy/en_core_web_sm
github.com/Lednik7/SpacyToolKit,examples/stacking_models.py,en_core_web_sm.load,spacy/en_core_web_sm
github.com/datasittersclub/site,site/_build/jupyter_execute/dscm2.py,en_core_web_sm.load,spacy/en_core_web_sm
github.com/lasigeBioTM/BiOnt,src/parse_biocreative_v_cdr.py,en_core_web_sm.load,spacy/en_core_web_sm
github.com/RamVegiraju/NLPStreamlit,app.py,en_core_web_sm.load,spacy/en_core_web_sm
github.com/parthplc/TeachEasy,main.py,en_core_web_sm.load,spacy/en_core_web_sm
github.com/fsiddh/Machine-Learning-Masters,Sessions/20) Natural Language Processing (NLP)/sentiment_analysis/sentiment_analysis_deploy/com_in_ineuron_ai_utils/utils.py,en_core_web_sm.load;en_core_web_sm.load,spacy/en_core_web_sm
github.com/rpgauthier/ComputationalThematicAnalysisToolkit,src/Common/Objects/Utilities/Datasets.py,en_core_web_sm.load,spacy/en_core_web_sm
github.com/Alvin2580du/alvin_py,resources/topic7.py,en_core_web_sm.load,spacy/en_core_web_sm
github.com/deeppavlov/dream,skills/dff_animals_skill/dialogflows/flows/animals_utils.py,en_core_web_sm.load,spacy/en_core_web_sm
github.com/kohpangwei/group-influence-release,datasets/nlprocessor.py,en_core_web_sm.load,spacy/en_core_web_sm
github.com/wellcometrust/WellcomeML,tests/test_spacy.py,en_core_web_sm.load,spacy/en_core_web_sm
github.com/ciarrocki/LibreLaw,CiteVista/CiteVista_people.py,en_core_web_sm.load,spacy/en_core_web_sm
github.com/limanling/uiuc_ie_pipeline_finegrained_source_code,relation/CoarseRelationExtraction/exec_relation_extraction.py,en_core_web_sm.load,spacy/en_core_web_sm
github.com/imadelh/NLP-news-classification,app/app.py,en_core_web_sm.load,spacy/en_core_web_sm
github.com/catacomb-ai/catacomb,examples/sentiment_classifier/system.py,en_core_web_sm.load,spacy/en_core_web_sm
github.com/theblackcat102/language-models-are-knowledge-graphs-pytorch,utils.py,en_core_web_sm.load,spacy/en_core_web_sm
github.com/Vijay-Yosi/biostack,utilities/ClarityNLP/nlp/algorithms/grammar/pos_tagger.py,en_core_web_sm.load,spacy/en_core_web_sm
github.com/splunk/splunk-mltk-container-docker,app/model/spacy_ner.py,en_core_web_sm.load,spacy/en_core_web_sm
github.com/HAKSOAT/Kaitlyn,app/config.py,en_core_web_sm.load,spacy/en_core_web_sm
github.com/theblackcat102/language-models-are-knowledge-graphs-pytorch,stats.py,en_core_web_sm.load,spacy/en_core_web_sm
github.com/davide-coccomini/Detecting-Images-Generated-by-Diffusers,test.py,en_core_web_sm.load,spacy/en_core_web_sm
github.com/fsiddh/Machine-Learning-Masters,Sessions/20) Natural Language Processing (NLP)/sentiment_analysis/sentiment_analysis_deploy/com_in_ineuron_ai_prediction/.ipynb_checkpoints/predictApp-checkpoint.py,en_core_web_sm.load,spacy/en_core_web_sm
github.com/deeppavlov/dream,annotators/spacy_nounphrases/server.py,en_core_web_sm.load,spacy/en_core_web_sm
github.com/sominw/vqamd_floyd,app.py,en_core_web_sm.load,spacy/en_core_web_sm
github.com/Alvin2580du/alvin_py,resources/topic8.py,en_core_web_sm.load,spacy/en_core_web_sm
github.com/hsma-chief-elf/hsma3,Relation_Extraction_Tutorial/3_relational_triples.py,en_core_web_sm.load,spacy/en_core_web_sm
github.com/NC0DER/KeyphraseExtraction,KeyExt/Key2Vec/key2vec/key2vec.py,en_core_web_sm.load,spacy/en_core_web_sm
github.com/ZQS1943/DOCIE,src/genie/scorer_class.py,en_core_web_sm.load,spacy/en_core_web_sm
github.com/paulfitz/mlsql,valuenet/server/prediction_server.py,en_core_web_sm.load,spacy/en_core_web_sm
github.com/eslambakr/HRS_benchmark,codes/t2i_models/CogView2/SwissArmyTransformer-main/examples/roberta/finetune_roberta_wsc.py,en_core_web_sm.load,spacy/en_core_web_sm
github.com/epfml/interpret-lm-knowledge,scripts/custom_svo_extractor.py,en_core_web_sm.load,spacy/en_core_web_sm
github.com/hsma-chief-elf/hsma3,11B_Named_Entity_Recognition_for_NLP/trump_extract_add_to_training.py,en_core_web_sm.load,spacy/en_core_web_sm
github.com/sagarchaturvedi1/keyphrase-extraction,src/crfsuite-exp/data_generation_task.py,en_core_web_sm.load,spacy/en_core_web_sm
github.com/zhpmatrix/BERTem,examples/tacred_run_infer.py,en_core_web_sm.load,spacy/en_core_web_sm
github.com/jroakes/querycat,lib/normalization.py,en_core_web_sm.load,spacy/en_core_web_sm
github.com/saattrupdan/autopoet,trumptweets.py,en_core_web_sm.load,spacy/en_core_web_sm
github.com/glasgow-ipl/ips-protodesc-code,npt2/__main__.py,en_core_web_sm.load,spacy/en_core_web_sm
github.com/tomerwolgithub/Break,break_utility/run_break.py,en_core_web_sm.load,spacy/en_core_web_sm
github.com/jbesomi/texthero,texthero/nlp.py,en_core_web_sm.load;en_core_web_sm.load;en_core_web_sm.load;en_core_web_sm.load,spacy/en_core_web_sm
github.com/akshaytheau/Data-Science,EntityExtraction.py,en_core_web_sm.load,spacy/en_core_web_sm
github.com/SuffolkLITLab/FormFyxer,formfyxer/lit_explorer.py,en_core_web_sm.load;en_core_web_sm.load,spacy/en_core_web_sm
github.com/ClarityNLP/ClarityNLP,nlp/algorithms/grammar/pos_tagger.py,en_core_web_sm.load,spacy/en_core_web_sm
github.com/ofwallaart/HAABSA,dataReader2016.py,en_core_web_sm.load,spacy/en_core_web_sm
github.com/rutvik5/knowledge-graph,knowledge_graph.py,en_core_web_sm.load,spacy/en_core_web_sm
github.com/everydaycodings/Text-Summarization-using-NLP,helper.py,en_core_web_sm.load,spacy/en_core_web_sm
github.com/arkits/chaddi-tg,src/domain/util.py,en_core_web_sm.load,spacy/en_core_web_sm
github.com/jzwerling/semantic-knowledge-graph,skg/ingest_xml.py,en_core_web_sm.load,spacy/en_core_web_sm
github.com/yeonsw/RankEncoder,code/SNCSE_RankEncoder/generate_soft_negative_samples.py,en_core_web_sm.load,spacy/en_core_web_sm
github.com/cdluminate/ladderloss,Code/legacy/hncls.py,en_core_web_sm.load,spacy/en_core_web_sm
github.com/microsoft/nlu-incremental-symbol-learning,scripts/spacy_fix.py,en_core_web_sm.load,spacy/en_core_web_sm
github.com/hsma-chief-elf/hsma3,11C_Sentiment_Analysis/aspect_level_sa.py,en_core_web_sm.load,spacy/en_core_web_sm
github.com/Ascend/ModelZoo-PyTorch,PyTorch/built-in/nlp/GRU_for_PyTorch/bleu_score.py,en_core_web_sm.load,spacy/en_core_web_sm
github.com/allenai/BEEP,literature-retrieval/mention_filtering.py,en_core_web_sm.load,spacy/en_core_web_sm
github.com/AndreyKolomiets/ods_jobs_analytics,extractors/city_extractor.py,en_core_web_sm.load,spacy/en_core_web_sm
github.com/allenai/BEEP,literature-retrieval/mention_linking.py,en_core_sci_md.load,spacy/en_core_sci_md
github.com/collabovid/collabovid,search/src/analyze/utils.py,en_core_sci_md.load,spacy/en_core_sci_md
github.com/Ascend/ModelZoo-PyTorch,PyTorch/dev/nlp/FairSeq_Transformer_ID0496_for_PyTorch/examples/roberta/wsc/wsc_utils.py,en_core_web_lg.load,spacy/en_core_web_lg
github.com/amazon-science/fact-check-summarization,examples/roberta/wsc/wsc_utils.py,en_core_web_lg.load,spacy/en_core_web_lg
github.com/DeepLearnXMU/Scaling4NAT,projects/fairseq/examples/roberta/wsc/wsc_utils.py,en_core_web_lg.load,spacy/en_core_web_lg
github.com/dual-view-molecule-pretraining/dmp,examples/roberta/wsc/wsc_utils.py,en_core_web_lg.load,spacy/en_core_web_lg
github.com/MGheini/xattn-transfer-for-mt,fairseq-modified/examples/roberta/wsc/wsc_utils.py,en_core_web_lg.load,spacy/en_core_web_lg
github.com/violet-zct/fairseq-detect-hallucination,examples/roberta/wsc/wsc_utils.py,en_core_web_lg.load,spacy/en_core_web_lg
github.com/DeepLearnXMU/embedding-transfer,use_poattention/examples/roberta/wsc/wsc_utils.py,en_core_web_lg.load,spacy/en_core_web_lg
github.com/ashwanitanwar/nmt-transfer-learning-xlm-r,work/systems/baseline-NMT-extract-attn/fairseq/examples/roberta/wsc/wsc_utils.py,en_core_web_lg.load,spacy/en_core_web_lg
github.com/michiyasunaga/BIFI,utils/fairseq/examples/roberta/wsc/wsc_utils.py,en_core_web_lg.load,spacy/en_core_web_lg
github.com/ictnlp/Zero-MNMT,examples/roberta/wsc/wsc_utils.py,en_core_web_lg.load,spacy/en_core_web_lg
github.com/thunlp/ELLE,fairseq-0.9.0/examples/roberta/wsc/wsc_utils.py,en_core_web_lg.load,spacy/en_core_web_lg
github.com/DeepLearnXMU/embedding-transfer,poattention/examples/roberta/wsc/wsc_utils.py,en_core_web_lg.load,spacy/en_core_web_lg
github.com/HillZhang1999/SynGEC,src/src_syngec/fairseq-0.10.2/examples/roberta/wsc/wsc_utils.py,en_core_web_lg.load,spacy/en_core_web_lg
github.com/GagaST/GagaST-code,examples/roberta/wsc/wsc_utils.py,en_core_web_lg.load,spacy/en_core_web_lg
github.com/OwenNJU/INK,examples/roberta/wsc/wsc_utils.py,en_core_web_lg.load,spacy/en_core_web_lg
github.com/NJUNLP/knn-box,examples/roberta/wsc/wsc_utils.py,en_core_web_lg.load,spacy/en_core_web_lg
github.com/RingBDStack/KPGNN,baselines/BiLSTM.py,en_core_web_lg.load,spacy/en_core_web_lg
github.com/tuhinjubcse/MetaphorGenNAACL2021,fairseq/examples/roberta/wsc/wsc_utils.py,en_core_web_lg.load,spacy/en_core_web_lg
github.com/INK-USC/CommonGen,methods/BART/fairseq_local/examples/roberta/wsc/wsc_utils.py,en_core_web_lg.load,spacy/en_core_web_lg
github.com/peterbhase/InterpretableNLP-ACL2020,tabular/src/data_io/data_io_reviews.py,en_core_web_lg.load,spacy/en_core_web_lg
github.com/GATECH-EIC/S3-Router,examples/roberta/wsc/wsc_utils.py,en_core_web_lg.load,spacy/en_core_web_lg
github.com/shuo-git/VecConstNMT,examples/roberta/wsc/wsc_utils.py,en_core_web_lg.load,spacy/en_core_web_lg
github.com/Ricardokevins/Kevinpro-NLP-demo,QuerySearch/extract.py,en_core_web_lg.load,spacy/en_core_web_lg
github.com/solashirai/FoodSubstitutionDataScripts,experiment_code/score_similarity/get_spacy_and_w2v_ing_sims.py,en_core_web_lg.load,spacy/en_core_web_lg
github.com/Hunter-DDM/stablemoe,examples/roberta/wsc/wsc_utils.py,en_core_web_lg.load,spacy/en_core_web_lg
github.com/wxjiao/UncSamp,fairseq_v0/fairseq/examples/roberta/wsc/wsc_utils.py,en_core_web_lg.load,spacy/en_core_web_lg
github.com/clulab/releases,LREC-2022-Bridge_Phrases_Identification/bridge_phrases_identification.py,en_core_web_lg.load,spacy/en_core_web_lg
github.com/fuzihaofzh/repetition-problem-nlg,tools/fairseq/examples/roberta/wsc/wsc_utils.py,en_core_web_lg.load,spacy/en_core_web_lg
github.com/ictnlp/MoE-Waitk,examples/roberta/wsc/wsc_utils.py,en_core_web_lg.load,spacy/en_core_web_lg
github.com/dqqcasia/mosst,examples/roberta/wsc/wsc_utils.py,en_core_web_lg.load,spacy/en_core_web_lg
github.com/omerlevy/tau_amnlp,transformer_exercise/examples/roberta/wsc/wsc_utils.py,en_core_web_lg.load,spacy/en_core_web_lg
github.com/Jxu-Thu/DITTO,examples/roberta/wsc/wsc_utils.py,en_core_web_lg.load,spacy/en_core_web_lg
github.com/kaushal0494/ZmBART,examples/roberta/wsc/wsc_utils.py,en_core_web_lg.load,spacy/en_core_web_lg
github.com/TARGET-SIDE-DATA-AUG/TSDASG,fairseq/examples/roberta/wsc/wsc_utils.py,en_core_web_lg.load,spacy/en_core_web_lg
github.com/pmin91/DS_projects,04-Aspect_Based_Opinion_Mining/Flask/AspectMining.py,en_core_web_lg.load,spacy/en_core_web_lg
github.com/ictnlp/STEMM,examples/roberta/wsc/wsc_utils.py,en_core_web_lg.load,spacy/en_core_web_lg
github.com/keyonvafa/career-code,fairseq/examples/roberta/wsc/wsc_utils.py,en_core_web_lg.load,spacy/en_core_web_lg
github.com/Rongjiehuang/TranSpeech,examples/roberta/wsc/wsc_utils.py,en_core_web_lg.load,spacy/en_core_web_lg
github.com/SALT-NLP/Multi-View-Seq2Seq,train_sh/examples/roberta/wsc/wsc_utils.py,en_core_web_lg.load,spacy/en_core_web_lg
github.com/ofirpress/attention_with_linear_biases,examples/roberta/wsc/wsc_utils.py,en_core_web_lg.load,spacy/en_core_web_lg
github.com/kyegomez/Finetuning-Suite,unilm/edgelm/examples/roberta/wsc/wsc_utils.py,en_core_web_lg.load,spacy/en_core_web_lg
github.com/Sophiarong/CCL2022-MCLTC-kk,fairseq/examples/roberta/wsc/wsc_utils.py,en_core_web_lg.load,spacy/en_core_web_lg
github.com/microsoft/AMOS,fairseq/examples/roberta/wsc/wsc_utils.py,en_core_web_lg.load,spacy/en_core_web_lg
github.com/NLP2CT/ConsistTL,ConsisTL/examples/roberta/wsc/wsc_utils.py,en_core_web_lg.load,spacy/en_core_web_lg
github.com/simoneSantoni/NLP-orgs-markets,sampleData/wordEmbeddings/_4.py,en_core_web_lg.load,spacy/en_core_web_lg
github.com/miladrezazadeh/twitter_depression_detection,src/predict.py,en_core_web_lg.load,spacy/en_core_web_lg
github.com/lsj2408/Graphormer-GD,engine/examples/roberta/wsc/wsc_utils.py,en_core_web_lg.load,spacy/en_core_web_lg
github.com/shawnkx/Fully-NAT,fairseq-stable/examples/roberta/wsc/wsc_utils.py,en_core_web_lg.load,spacy/en_core_web_lg
github.com/ictnlp/Wait-info,examples/roberta/wsc/wsc_utils.py,en_core_web_lg.load,spacy/en_core_web_lg
github.com/bigganbing/Fairseq_MorphTE,examples/roberta/wsc/wsc_utils.py,en_core_web_lg.load,spacy/en_core_web_lg
github.com/microsoft/COCO-LM,fairseq/examples/roberta/wsc/wsc_utils.py,en_core_web_lg.load,spacy/en_core_web_lg
github.com/INK-USC/sparse-distillation,examples/roberta/wsc/wsc_utils.py,en_core_web_lg.load,spacy/en_core_web_lg
github.com/Katsumata420/generic-pretrained-GEC,BART-GEC/examples/roberta/wsc/wsc_utils.py,en_core_web_lg.load,spacy/en_core_web_lg
github.com/zhajiahe/Token_Drop,examples/roberta/wsc/wsc_utils.py,en_core_web_lg.load,spacy/en_core_web_lg
github.com/thompsonb/fairseq-smrt,examples/roberta/wsc/wsc_utils.py,en_core_web_lg.load,spacy/en_core_web_lg
github.com/keyonvafa/sequential-rationales,fairseq/examples/roberta/wsc/wsc_utils.py,en_core_web_lg.load,spacy/en_core_web_lg
github.com/bcmi220/d2gpo,examples/roberta/wsc/wsc_utils.py,en_core_web_lg.load,spacy/en_core_web_lg
github.com/chenllliang/Gradient-Vaccine,fairseq/examples/roberta/wsc/wsc_utils.py,en_core_web_lg.load,spacy/en_core_web_lg
github.com/xuchenneu/SATE,examples/roberta/wsc/wsc_utils.py,en_core_web_lg.load,spacy/en_core_web_lg
github.com/aws-health-ai/multi_domain_lm,examples/roberta/wsc/wsc_utils.py,en_core_web_lg.load,spacy/en_core_web_lg
github.com/takase/share_layer_params,fairseq/examples/roberta/wsc/wsc_utils.py,en_core_web_lg.load,spacy/en_core_web_lg
github.com/TransfromerMeetsGraph/GNNLearner,Two-branch Transformer/examples/roberta/wsc/wsc_utils.py,en_core_web_lg.load,spacy/en_core_web_lg
github.com/ictnlp/NMLA-NAT,examples/roberta/wsc/wsc_utils.py,en_core_web_lg.load,spacy/en_core_web_lg
github.com/sIncerass/one_layer_lottery_ticket,examples/roberta/wsc/wsc_utils.py,en_core_web_lg.load,spacy/en_core_web_lg
github.com/xieyxclack/factual_coco,fairseq/examples/roberta/wsc/wsc_utils.py,en_core_web_lg.load,spacy/en_core_web_lg
github.com/gorokoba560/norm-analysis-of-transformer,emnlp2020/fairseq/examples/roberta/wsc/wsc_utils.py,en_core_web_lg.load,spacy/en_core_web_lg
github.com/XuezheMax/fairseq-apollo,examples/roberta/wsc/wsc_utils.py,en_core_web_lg.load,spacy/en_core_web_lg
github.com/MUGE-2021/image-generation-baseline,fairseq/examples/roberta/wsc/wsc_utils.py,en_core_web_lg.load,spacy/en_core_web_lg
github.com/Yale-LILY/LoFT,LoFT_framework/fairseq_dev/examples/roberta/wsc/wsc_utils.py,en_core_web_lg.load,spacy/en_core_web_lg
github.com/mgaido91/FBK-fairseq-ST,examples/roberta/wsc/wsc_utils.py,en_core_web_lg.load,spacy/en_core_web_lg
github.com/stevenreich47/ensemble-distillation-structured-prediction,MT_ensemble_distillation/examples/roberta/wsc/wsc_utils.py,en_core_web_lg.load,spacy/en_core_web_lg
github.com/ShuyangCao/open-ended_question_ontology,lib/fairseq/examples/roberta/wsc/wsc_utils.py,en_core_web_lg.load,spacy/en_core_web_lg
github.com/jungokasai/T2R,examples/roberta/wsc/wsc_utils.py,en_core_web_lg.load,spacy/en_core_web_lg
github.com/xuanqing94/FLOATER,examples/roberta/wsc/wsc_utils.py,en_core_web_lg.load,spacy/en_core_web_lg
github.com/neulab/retomaton,examples/roberta/wsc/wsc_utils.py,en_core_web_lg.load,spacy/en_core_web_lg
github.com/vocaliodmiku/wav2vec2mdd-Text,fairseq/examples/roberta/wsc/wsc_utils.py,en_core_web_lg.load,spacy/en_core_web_lg
github.com/DeepLearnXMU/embedding-transfer,bert_use_poattention/examples/roberta/wsc/wsc_utils.py,en_core_web_lg.load,spacy/en_core_web_lg
github.com/logicwong/sana,fairseq/examples/roberta/wsc/wsc_utils.py,en_core_web_lg.load,spacy/en_core_web_lg
github.com/RingBDStack/DP-CroSUE,dp_embed/perturb_rawdata/San_Text/run_SanText.py,en_core_web_lg.load,spacy/en_core_web_lg
github.com/hlt-mt/FBK-fairseq,examples/roberta/wsc/wsc_utils.py,en_core_web_lg.load,spacy/en_core_web_lg
github.com/applicaai/pyramidions,fairseq/examples/roberta/wsc/wsc_utils.py,en_core_web_lg.load,spacy/en_core_web_lg
github.com/libeineu/UMST,examples/roberta/wsc/wsc_utils.py,en_core_web_lg.load,spacy/en_core_web_lg
github.com/ShannonAI/fast-knn-nmt,thirdparty/fairseq/examples/roberta/wsc/wsc_utils.py,en_core_web_lg.load,spacy/en_core_web_lg
github.com/PacktPublishing/Hands-On-Artificial-Intelligence-for-Banking,Chapter07/7B_IndustryNetwork/lib_entitiesExtraction.py,en_core_web_lg.load,spacy/en_core_web_lg
github.com/PlusLabNLP/story-gen-BART,fairseq/examples/roberta/wsc/wsc_utils.py,en_core_web_lg.load,spacy/en_core_web_lg
github.com/hadasah/btm,fairseq/examples/roberta/wsc/wsc_utils.py,en_core_web_lg.load,spacy/en_core_web_lg
github.com/amazon-science/polygon-transformer,fairseq/examples/roberta/wsc/wsc_utils.py,en_core_web_lg.load,spacy/en_core_web_lg
github.com/jungokasai/beam_with_patience,fairseq/examples/roberta/wsc/wsc_utils.py,en_core_web_lg.load,spacy/en_core_web_lg
github.com/Chriskuei/GERE,fairseq/examples/roberta/wsc/wsc_utils.py,en_core_web_lg.load,spacy/en_core_web_lg
github.com/kanekomasahiro/eb-gec,knnmt/examples/roberta/wsc/wsc_utils.py,en_core_web_lg.load,spacy/en_core_web_lg
github.com/Eric-Wallace/adversarial-mt,examples/roberta/wsc/wsc_utils.py,en_core_web_lg.load,spacy/en_core_web_lg
github.com/empirical-org/Quill-NLP-Tools-and-Datasets,utils/qfragment/qfragment/sva_rule_based.py,en_core_web_lg.load,spacy/en_core_web_lg
github.com/zhengxxn/UDA-KNN,examples/roberta/wsc/wsc_utils.py,en_core_web_lg.load,spacy/en_core_web_lg
github.com/Victorwz/VaLM,fairseq/examples/roberta/wsc/wsc_utils.py,en_core_web_lg.load,spacy/en_core_web_lg
github.com/Luoyingfeng8/fairseq-NMT,fairseq-0.8.0/examples/roberta/wsc/wsc_utils.py,en_core_web_lg.load,spacy/en_core_web_lg
github.com/soarsmu/BiasFinder,codes/module/utils.py,en_core_web_lg.load,spacy/en_core_web_lg
github.com/chenllliang/MLS,fairseq/examples/roberta/wsc/wsc_utils.py,en_core_web_lg.load,spacy/en_core_web_lg
github.com/jungokasai/twist_decoding,fairseq/examples/roberta/wsc/wsc_utils.py,en_core_web_lg.load,spacy/en_core_web_lg
github.com/RingBDStack/FinEvent,utils/generate_initial_features.py,en_core_web_lg.load,spacy/en_core_web_lg
github.com/nico-corthorn/esg-portfolio,esgtools/nyt/text_wrangler.py,en_core_web_lg.load,spacy/en_core_web_lg
github.com/RingBDStack/DP-CroSUE,DP-CroSUE-mindspore/dpcrosue/dp_embed/perturb_rawdata/generate_text_feature.py,en_core_web_lg.load,spacy/en_core_web_lg
github.com/Katsumata420/generic-pretrained-GEC,mBART-GEC/examples/roberta/wsc/wsc_utils.py,en_core_web_lg.load,spacy/en_core_web_lg
github.com/harvardnlp/cascaded-generation,examples/roberta/wsc/wsc_utils.py,en_core_web_lg.load,spacy/en_core_web_lg
github.com/netease-youdao/cmlm_da,examples/roberta/wsc/wsc_utils.py,en_core_web_lg.load,spacy/en_core_web_lg
github.com/iliaishacked/sponge_examples,wsc/wsc_utils.py,en_core_web_lg.load,spacy/en_core_web_lg
github.com/moussaKam/BARThez,fairseq/examples/roberta/wsc/wsc_utils.py,en_core_web_lg.load,spacy/en_core_web_lg
github.com/wang136906578/BERT-encoder-ChineseGEC,examples/roberta/wsc/wsc_utils.py,en_core_web_lg.load,spacy/en_core_web_lg
github.com/JeremyXSC/DMF,fairseq/examples/roberta/wsc/wsc_utils.py,en_core_web_lg.load,spacy/en_core_web_lg
github.com/subhc/clever,stage_two/custom_dataset.py,en_core_web_lg.load,spacy/en_core_web_lg
github.com/Deep-Spark/deepsparkhub,fairseq-tools/fairseq/examples/roberta/wsc/wsc_utils.py,en_core_web_lg.load,spacy/en_core_web_lg
github.com/zjwang21/mix-phoneme-bert,fairseq/examples/roberta/wsc/wsc_utils.py,en_core_web_lg.load,spacy/en_core_web_lg
github.com/Ricardokevins/Kevinpro-NLP-demo,QuerySearch/subData2/extractAll.py,en_core_web_lg.load,spacy/en_core_web_lg
github.com/SALT-NLP/Multi-View-Seq2Seq,fairseq_multi_view/examples/roberta/wsc/wsc_utils.py,en_core_web_lg.load,spacy/en_core_web_lg
github.com/microsoft/LMOps,understand_icl/fairseq/examples/roberta/wsc/wsc_utils.py,en_core_web_lg.load,spacy/en_core_web_lg
github.com/Elzawawy/DeftEval,source/classifiers.py,en_core_web_lg.load,spacy/en_core_web_lg
github.com/machelreid/paradise,code/examples/roberta/wsc/wsc_utils.py,en_core_web_lg.load,spacy/en_core_web_lg
github.com/sarthmit/Compositional-Attention,fairseq/examples/roberta/wsc/wsc_utils.py,en_core_web_lg.load,spacy/en_core_web_lg
github.com/ModelOriented/AI-strategies-papers-regulations-monitoring,mair/models_training/train_definition_transformer.py,en_core_web_lg.load,spacy/en_core_web_lg
github.com/ShannonAI/GNN-LM,examples/roberta/wsc/wsc_utils.py,en_core_web_lg.load,spacy/en_core_web_lg
github.com/kyegomez/Finetuning-Suite,unilm/infoxlm/fairseq/examples/roberta/wsc/wsc_utils.py,en_core_web_lg.load,spacy/en_core_web_lg
github.com/tencent-ailab/TriNet,examples/roberta/wsc/wsc_utils.py,en_core_web_lg.load,spacy/en_core_web_lg
github.com/georgian-io/Knowledge-Distillation-Toolkit,utils/fairseq_mod/examples/roberta/wsc/wsc_utils.py,en_core_web_lg.load,spacy/en_core_web_lg
github.com/OFA-Sys/ONE-PEACE,fairseq/examples/roberta/wsc/wsc_utils.py,en_core_web_lg.load,spacy/en_core_web_lg
github.com/JeanKaddour/lawa,bert/fairseq/examples/roberta/wsc/wsc_utils.py,en_core_web_lg.load,spacy/en_core_web_lg
github.com/thunlp/Knowledge-Inheritance,examples/roberta/wsc/wsc_utils.py,en_core_web_lg.load,spacy/en_core_web_lg
github.com/ict-bigdatalab/CorpusBrain,fairseq/examples/roberta/wsc/wsc_utils.py,en_core_web_lg.load,spacy/en_core_web_lg
github.com/wjxts/RegularizedBN,examples/roberta/wsc/wsc_utils.py,en_core_web_lg.load,spacy/en_core_web_lg
github.com/shamanez/Self-Supervised-Embedding-Fusion-Transformer,examples/roberta/wsc/wsc_utils.py,en_core_web_lg.load,spacy/en_core_web_lg
github.com/oleg-yaroshevskiy/quest_qa_labeling,packages/fairseq-hacked/examples/roberta/wsc/wsc_utils.py,en_core_web_lg.load,spacy/en_core_web_lg
github.com/zhengxxn/adaptive-knn-mt,examples/roberta/wsc/wsc_utils.py,en_core_web_lg.load,spacy/en_core_web_lg
github.com/adihaviv/nopos,examples/roberta/wsc/wsc_utils.py,en_core_web_lg.load,spacy/en_core_web_lg
github.com/guangyliu/EISL,fairseq/examples/roberta/wsc/wsc_utils.py,en_core_web_lg.load,spacy/en_core_web_lg
github.com/microsoft/LMOps,structured_prompting/fairseq-version/fairseq/examples/roberta/wsc/wsc_utils.py,en_core_web_lg.load,spacy/en_core_web_lg
github.com/thu-coai/TaiLr,examples/roberta/wsc/wsc_utils.py,en_core_web_lg.load,spacy/en_core_web_lg
github.com/zwhe99/WMT22-En-Liv,fairseq/examples/roberta/wsc/wsc_utils.py,en_core_web_lg.load,spacy/en_core_web_lg
github.com/ivanlai/Conditional_Text_Generation,Keyword_extract.py,en_core_web_lg.load,spacy/en_core_web_lg
github.com/CSerxy/IDPG,examples/roberta/wsc/wsc_utils.py,en_core_web_lg.load,spacy/en_core_web_lg
github.com/HLTCHKUST/cantonese-asr,fairseq/examples/roberta/wsc/wsc_utils.py,en_core_web_lg.load,spacy/en_core_web_lg
github.com/anzeyimana/kinyabert-acl2022,fairseq-tupe-tpu-pytorch-v1.9/examples/roberta/wsc/wsc_utils.py,en_core_web_lg.load,spacy/en_core_web_lg
github.com/ictnlp/LNMT-CA,examples/roberta/wsc/wsc_utils.py,en_core_web_lg.load,spacy/en_core_web_lg
github.com/jwieting/bilingual-generative-transformer,examples/roberta/wsc/wsc_utils.py,en_core_web_lg.load,spacy/en_core_web_lg
github.com/jungokasai/deep-shallow,examples/roberta/wsc/wsc_utils.py,en_core_web_lg.load,spacy/en_core_web_lg
github.com/rycolab/entropyRegularization,examples/roberta/wsc/wsc_utils.py,en_core_web_lg.load,spacy/en_core_web_lg
github.com/subhc/clever,stage_one/modules/evaluators/CUBDatasetEvaluator.py,en_core_web_lg.load,spacy/en_core_web_lg
github.com/facebookresearch/fairseq,examples/roberta/wsc/wsc_utils.py,en_core_web_lg.load,spacy/en_core_web_lg
github.com/dreamsavior/yojet-server,Python/Lib/site-packages/fairseq/examples/roberta/wsc/wsc_utils.py,en_core_web_lg.load,spacy/en_core_web_lg
github.com/RingBDStack/KPGNN,KPGNN/generate_initial_features.py,en_core_web_lg.load,spacy/en_core_web_lg
github.com/jefflai108/PARP-wav2vec-PyTorch,fairseq2.0/examples/roberta/wsc/wsc_utils.py,en_core_web_lg.load,spacy/en_core_web_lg
github.com/wxjiao/Data-Rejuvenation,fairseq/examples/roberta/wsc/wsc_utils.py,en_core_web_lg.load,spacy/en_core_web_lg
github.com/lancopku/Explicit-Sparse-Transformer,fairseq_deen_ende/examples/roberta/wsc/wsc_utils.py,en_core_web_lg.load,spacy/en_core_web_lg
github.com/tomerwolgithub/question-decomposition-to-sql,src/data_generation/qdmr_grounding.py,en_core_web_lg.load,spacy/en_core_web_lg
github.com/VITA-Group/SMC-Bench,Commonsense_Reasoning/examples/roberta/wsc/wsc_utils.py,en_core_web_lg.load,spacy/en_core_web_lg
github.com/weijia-xu/fairseq-editor,examples/roberta/wsc/wsc_utils.py,en_core_web_lg.load,spacy/en_core_web_lg
github.com/MUGE-2021/image-caption-baseline,fairseq/examples/roberta/wsc/wsc_utils.py,en_core_web_lg.load,spacy/en_core_web_lg
github.com/mcao516/rej-summ,examples/roberta/wsc/wsc_utils.py,en_core_web_lg.load,spacy/en_core_web_lg
github.com/amazon-science/BartGraphSumm,src/fairseq/examples/roberta/wsc/wsc_utils.py,en_core_web_lg.load,spacy/en_core_web_lg
github.com/Amey-Thakur/DEPRESSION_DETECTION_USING_TWEETS,app_utilities.py,en_core_web_lg.load,spacy/en_core_web_lg
github.com/ashwanitanwar/nmt-transfer-learning-xlm-r,work/systems/baseline-NMT/fairseq/examples/roberta/wsc/wsc_utils.py,en_core_web_lg.load,spacy/en_core_web_lg
github.com/jpqiang/Chinese-Idiom-Paraphrasing,fairseq/examples/roberta/wsc/wsc_utils.py,en_core_web_lg.load,spacy/en_core_web_lg
github.com/kssteven418/I-BERT,examples/roberta/wsc/wsc_utils.py,en_core_web_lg.load,spacy/en_core_web_lg
github.com/YUCHEN005/GILA,fairseq/examples/roberta/wsc/wsc_utils.py,en_core_web_lg.load,spacy/en_core_web_lg
github.com/machelreid/subformer,examples/roberta/wsc/wsc_utils.py,en_core_web_lg.load,spacy/en_core_web_lg
github.com/martiansideofthemoon/style-transfer-paraphrase,fairseq/examples/roberta/wsc/wsc_utils.py,en_core_web_lg.load,spacy/en_core_web_lg
github.com/shamanez/BERT-like-is-All-You-Need,examples/roberta/wsc/wsc_utils.py,en_core_web_lg.load,spacy/en_core_web_lg
github.com/traviscoan/cards,preprocess.py,en_core_web_lg.load,spacy/en_core_web_lg
github.com/LeBenchmark/NeurIPS2021,SLU/fairseq/examples/roberta/wsc/wsc_utils.py,en_core_web_lg.load,spacy/en_core_web_lg
github.com/Alex-Fabbri/AnswerSumm,fairseq/examples/roberta/wsc/wsc_utils.py,en_core_web_lg.load,spacy/en_core_web_lg
github.com/ZhiYuanZeng/fairseq-moe,examples/roberta/wsc/wsc_utils.py,en_core_web_lg.load,spacy/en_core_web_lg
github.com/HA-Transformer/MAT,examples/roberta/wsc/wsc_utils.py,en_core_web_lg.load,spacy/en_core_web_lg
github.com/intersun/CoDIR,examples/roberta/wsc/wsc_utils.py,en_core_web_lg.load,spacy/en_core_web_lg
github.com/ictnlp/GMA,examples/roberta/wsc/wsc_utils.py,en_core_web_lg.load,spacy/en_core_web_lg
github.com/khhungg/BSSE-SE,fairseq/examples/roberta/wsc/wsc_utils.py,en_core_web_lg.load,spacy/en_core_web_lg
github.com/zjunlp/Kformer,fairseq/examples/roberta/wsc/wsc_utils.py,en_core_web_lg.load,spacy/en_core_web_lg
github.com/inigo-jauregi/fairseq-bert-loss,examples/roberta/wsc/wsc_utils.py,en_core_web_lg.load,spacy/en_core_web_lg
github.com/jack-and-rozz/vocabulary_adaptation,fairseq/examples/roberta/wsc/wsc_utils.py,en_core_web_lg.load,spacy/en_core_web_lg
github.com/SHEERANER/Modelzoo_centermask_pytorch,PyTorch/contrib/nlp/roberta/examples/roberta/wsc/wsc_utils.py,en_core_web_lg.load,spacy/en_core_web_lg
github.com/jeffhj/open-relation-modeling,fairseq_local/examples/roberta/wsc/wsc_utils.py,en_core_web_lg.load,spacy/en_core_web_lg
github.com/ictnlp/DDRS-NAT,examples/roberta/wsc/wsc_utils.py,en_core_web_lg.load,spacy/en_core_web_lg
github.com/phanxuanphucnd/wav2kws,examples/roberta/wsc/wsc_utils.py,en_core_web_lg.load,spacy/en_core_web_lg
github.com/miladrezazadeh/twitter_depression_detection,src/train_utilities.py,en_core_web_lg.load;en_core_web_lg.load,spacy/en_core_web_lg
github.com/iamsohard/ChineseCalligraphyGenerator,calligraphy/couplet/fairseq/examples/roberta/wsc/wsc_utils.py,en_core_web_lg.load,spacy/en_core_web_lg
github.com/haorannlp/mix,examples/roberta/wsc/wsc_utils.py,en_core_web_lg.load,spacy/en_core_web_lg
github.com/weiminye/Hands-On-Artificial-Intelligence-for-Banking-Chinese,第7章/例子2上市公司公告之年报/lib_entitiesExtraction.py,en_core_web_lg.load,spacy/en_core_web_lg
github.com/bcmi220/esc4nmt,examples/roberta/wsc/wsc_utils.py,en_core_web_lg.load,spacy/en_core_web_lg
github.com/THUNLP-MT/Template-NMT,fairseq/examples/roberta/wsc/wsc_utils.py,en_core_web_lg.load,spacy/en_core_web_lg
github.com/ictnlp/OR-NMT,OR-Transformer/examples/roberta/wsc/wsc_utils.py,en_core_web_lg.load,spacy/en_core_web_lg
github.com/Junpliu/ConDigSum,examples/roberta/wsc/wsc_utils.py,en_core_web_lg.load,spacy/en_core_web_lg
github.com/Ascend/ModelZoo-PyTorch,PyTorch/built-in/nlp/M2M-100_for_PyTorch/examples/roberta/wsc/wsc_utils.py,en_core_web_lg.load,spacy/en_core_web_lg
github.com/cl-tohoku/ILYS-aoba-chatbot,fairseq/examples/roberta/wsc/wsc_utils.py,en_core_web_lg.load,spacy/en_core_web_lg
github.com/amzn/seqzero,parser/fairseq/examples/roberta/wsc/wsc_utils.py,en_core_web_lg.load,spacy/en_core_web_lg
github.com/fe1ixxu/BiBERT,examples/roberta/wsc/wsc_utils.py,en_core_web_lg.load,spacy/en_core_web_lg
github.com/li-aolong/TemplateGEC,fairseq-0.12.2/examples/roberta/wsc/wsc_utils.py,en_core_web_lg.load,spacy/en_core_web_lg
github.com/ictnlp/PLUVR,fairseq/examples/roberta/wsc/wsc_utils.py,en_core_web_lg.load,spacy/en_core_web_lg
github.com/wjko2/NMT-Adapt,NMTAdapt1/examples/roberta/wsc/wsc_utils.py,en_core_web_lg.load,spacy/en_core_web_lg
github.com/JerryYLi/valhalla-nmt,fairseq/examples/roberta/wsc/wsc_utils.py,en_core_web_lg.load,spacy/en_core_web_lg
github.com/wns823/NMT_SSP,examples/roberta/wsc/wsc_utils.py,en_core_web_lg.load,spacy/en_core_web_lg
github.com/ictnlp/HMT,examples/roberta/wsc/wsc_utils.py,en_core_web_lg.load,spacy/en_core_web_lg
github.com/yilinyang7/fairseq_multi_fix,examples/roberta/wsc/wsc_utils.py,en_core_web_lg.load,spacy/en_core_web_lg
github.com/richarddwang/electra_pytorch,_utils/wsc_trick.py,en_core_web_lg.load,spacy/en_core_web_lg
github.com/jiaodali/vision-matters-when-it-should,examples/roberta/wsc/wsc_utils.py,en_core_web_lg.load,spacy/en_core_web_lg
github.com/huawei-noah/noah-research,noahnmt/multiuat/fairseq/examples/roberta/wsc/wsc_utils.py,en_core_web_lg.load,spacy/en_core_web_lg
github.com/miladrezazadeh/twitter_depression_detection,app_utilities.py,en_core_web_lg.load,spacy/en_core_web_lg
github.com/KaosEngineer/structured-uncertainty,examples/roberta/wsc/wsc_utils.py,en_core_web_lg.load,spacy/en_core_web_lg
github.com/empirical-org/Quill-NLP-Tools-and-Datasets,utils/qfragment/qfragment/infinitive_phrase_detect.py,en_core_web_lg.load,spacy/en_core_web_lg
github.com/ictnlp/DDRS-NAT,build/lib.linux-x86_64-3.8/fairseq/examples/roberta/wsc/wsc_utils.py,en_core_web_lg.load,spacy/en_core_web_lg
github.com/thunlp/ELLE,fairseq_ELLE/examples/roberta/wsc/wsc_utils.py,en_core_web_lg.load,spacy/en_core_web_lg
github.com/takase/share_layer_params,examples/roberta/wsc/wsc_utils.py,en_core_web_lg.load,spacy/en_core_web_lg
github.com/cordercorder/nmt-multi,fairseq_dir/examples/roberta/wsc/wsc_utils.py,en_core_web_lg.load,spacy/en_core_web_lg
github.com/dqwang122/CALMS,fairseq/examples/roberta/wsc/wsc_utils.py,en_core_web_lg.load,spacy/en_core_web_lg
github.com/mukhal/fairseq-tagging,examples/roberta/wsc/wsc_utils.py,en_core_web_lg.load,spacy/en_core_web_lg
github.com/zjwang21/StrokeNet,fairseq-cipherdaug/examples/roberta/wsc/wsc_utils.py,en_core_web_lg.load,spacy/en_core_web_lg
github.com/zhengzx-nlp/REDER,examples/roberta/wsc/wsc_utils.py,en_core_web_lg.load,spacy/en_core_web_lg
github.com/microsoft/unilm,edgelm/examples/roberta/wsc/wsc_utils.py,en_core_web_lg.load,spacy/en_core_web_lg
github.com/ghrua/NgramRes,fairseq/examples/roberta/wsc/wsc_utils.py,en_core_web_lg.load,spacy/en_core_web_lg
github.com/DeepLearnXMU/mc_tit,examples/roberta/wsc/wsc_utils.py,en_core_web_lg.load,spacy/en_core_web_lg
github.com/princeton-nlp/DinkyTrain,examples/roberta/wsc/wsc_utils.py,en_core_web_lg.load,spacy/en_core_web_lg
github.com/TakHemlata/SSL_Anti-spoofing,fairseq-a54021305d6b3c4c5959ac9395135f63202db8f1/examples/roberta/wsc/wsc_utils.py,en_core_web_lg.load,spacy/en_core_web_lg
github.com/LeBenchmark/NeurIPS2021,AER/fairseq_c/examples/roberta/wsc/wsc_utils.py,en_core_web_lg.load,spacy/en_core_web_lg
github.com/Victorwz/zs-nmt-dae,examples/roberta/wsc/wsc_utils.py,en_core_web_lg.load,spacy/en_core_web_lg
github.com/yandex-research/swarm,bottleneck/fairseq/examples/roberta/wsc/wsc_utils.py,en_core_web_lg.load,spacy/en_core_web_lg
github.com/DeepLearnXMU/Robust-knn-mt,examples/roberta/wsc/wsc_utils.py,en_core_web_lg.load,spacy/en_core_web_lg
github.com/cindyxinyiwang/multiDDS,examples/roberta/wsc/wsc_utils.py,en_core_web_lg.load,spacy/en_core_web_lg
github.com/xssstory/STAS,examples/roberta/wsc/wsc_utils.py,en_core_web_lg.load,spacy/en_core_web_lg
github.com/fe1ixxu/VT-STOWER,examples/roberta/wsc/wsc_utils.py,en_core_web_lg.load,spacy/en_core_web_lg
github.com/microsoft/Unicoder,generation/examples/roberta/wsc/wsc_utils.py,en_core_web_lg.load,spacy/en_core_web_lg
github.com/zackchen-lb/fasterseq,examples/roberta/wsc/wsc_utils.py,en_core_web_lg.load,spacy/en_core_web_lg
github.com/ictnlp/SeerForcingNMT,examples/roberta/wsc/wsc_utils.py,en_core_web_lg.load,spacy/en_core_web_lg
github.com/duyichao/E2E-ST-TDA,examples/roberta/wsc/wsc_utils.py,en_core_web_lg.load,spacy/en_core_web_lg
github.com/LiyuanLucasLiu/Transformer-Clinic,fairseq/examples/roberta/wsc/wsc_utils.py,en_core_web_lg.load,spacy/en_core_web_lg
github.com/ivanmontero/autobot,fairseq/examples/roberta/wsc/wsc_utils.py,en_core_web_lg.load,spacy/en_core_web_lg
github.com/McGill-NLP/retriever-lm-reasoning,knnlm/examples/roberta/wsc/wsc_utils.py,en_core_web_lg.load,spacy/en_core_web_lg
github.com/subhc/clever,stage_one/modules/datasets/NLISentencesDatasetOnline.py,en_core_web_lg.load,spacy/en_core_web_lg
github.com/wutong8023/SpeechRE,fairseq/examples/roberta/wsc/wsc_utils.py,en_core_web_lg.load,spacy/en_core_web_lg
github.com/hikvision-research/Unified-Normalization,neural_machine_translation/examples/roberta/wsc/wsc_utils.py,en_core_web_lg.load,spacy/en_core_web_lg
github.com/alibaba/AliceMind,VECO/NLG/examples/roberta/wsc/wsc_utils.py,en_core_web_lg.load,spacy/en_core_web_lg
github.com/microsoft/unilm,infoxlm/fairseq/examples/roberta/wsc/wsc_utils.py,en_core_web_lg.load,spacy/en_core_web_lg
github.com/ZhihuiYangCS/CorrProxies,operators/ml_operators/text_operators/spacy/spacy_operator.py,en_core_web_lg.load,spacy/en_core_web_lg
github.com/protonish/fairseq-cipherdaug,examples/roberta/wsc/wsc_utils.py,en_core_web_lg.load,spacy/en_core_web_lg
github.com/Shengqiang-Zhang/plate,fairseq_src/examples/roberta/wsc/wsc_utils.py,en_core_web_lg.load,spacy/en_core_web_lg
github.com/epfml/piecewise-affine-multiplication,submodules/fairseq/examples/roberta/wsc/wsc_utils.py,en_core_web_lg.load,spacy/en_core_web_lg
github.com/ofa-x/OFA-X,OFA/fairseq/examples/roberta/wsc/wsc_utils.py,en_core_web_lg.load,spacy/en_core_web_lg
github.com/cdluminate/ladderloss,Code/ladderloss.py,en_core_web_lg.load;en_core_web_lg.load;en_core_web_lg.load;en_core_web_lg.load;en_core_web_lg.load,spacy/en_core_web_lg
github.com/Glaciohound/Chimera-ST,examples/roberta/wsc/wsc_utils.py,en_core_web_lg.load,spacy/en_core_web_lg
github.com/microsoft/unilm,decoding/IAD/fairseq/examples/roberta/wsc/wsc_utils.py,en_core_web_lg.load,spacy/en_core_web_lg
github.com/botnikstudios/scrapers,Master_Tabloid_Scraper/Cluster_Article_Content.py,en_core_web_lg.load,spacy/en_core_web_lg
github.com/ethanyklei/CoDoNMT,examples/roberta/wsc/wsc_utils.py,en_core_web_lg.load,spacy/en_core_web_lg
github.com/lsj2408/Transformer-M,examples/roberta/wsc/wsc_utils.py,en_core_web_lg.load,spacy/en_core_web_lg
github.com/esalesky/visrep,examples/roberta/wsc/wsc_utils.py,en_core_web_lg.load,spacy/en_core_web_lg
github.com/ShuyangCao/inference_style_control,fairseq/examples/roberta/wsc/wsc_utils.py,en_core_web_lg.load,spacy/en_core_web_lg
github.com/dod-advana/gamechanger-data,tests/dependency_tests/python_and_system_prereqs/test_ml_models.py,en_core_web_lg.load,spacy/en_core_web_lg
github.com/xssstory/SeqCo,examples/roberta/wsc/wsc_utils.py,en_core_web_lg.load,spacy/en_core_web_lg
github.com/urvashik/knnlm,examples/roberta/wsc/wsc_utils.py,en_core_web_lg.load,spacy/en_core_web_lg
github.com/peterbhase/InterpretableNLP-ACL2020,text/src/data_io/data_io_reviews.py,en_core_web_lg.load,spacy/en_core_web_lg
github.com/ictnlp/ITST,examples/roberta/wsc/wsc_utils.py,en_core_web_lg.load,spacy/en_core_web_lg
github.com/cooelf/InstanceReg,_utils/wsc_trick.py,en_core_web_lg.load,spacy/en_core_web_lg
github.com/UriSha/EmbeddinglessNMT,examples/roberta/wsc/wsc_utils.py,en_core_web_lg.load,spacy/en_core_web_lg
github.com/toshohirasawa/fairseq-RL,examples/roberta/wsc/wsc_utils.py,en_core_web_lg.load,spacy/en_core_web_lg
github.com/datacommonsorg/website,nl_server/ner_place_model.py,en_core_web_lg.load,spacy/en_core_web_lg
github.com/empirical-org/Quill-NLP-Tools-and-Datasets,utils/qfragment/qfragment/__init__.py,en_core_web_lg.load,spacy/en_core_web_lg
github.com/LeslieOverfitting/selective_distillation,examples/roberta/wsc/wsc_utils.py,en_core_web_lg.load,spacy/en_core_web_lg
github.com/zhuchen03/FreeLB,fairseq-RoBERTa/examples/roberta/wsc/wsc_utils.py,en_core_web_lg.load,spacy/en_core_web_lg
github.com/leezhaocong/ConsistTL,ConsisTL/examples/roberta/wsc/wsc_utils.py,en_core_web_lg.load,spacy/en_core_web_lg
github.com/epfml/rotational-optimizers,submodules/fairseq/examples/roberta/wsc/wsc_utils.py,en_core_web_lg.load,spacy/en_core_web_lg
github.com/Lednik7/SpacyToolKit,examples/stacking_models.py,en_core_web_lg.load,spacy/en_core_web_lg
github.com/Amey-Thakur/DEPRESSION_DETECTION_USING_TWEETS,src/predict.py,en_core_web_lg.load,spacy/en_core_web_lg
github.com/FadedCosine/kNN-KD,examples/roberta/wsc/wsc_utils.py,en_core_web_lg.load,spacy/en_core_web_lg
github.com/Yale-LILY/ConvoSumm,code/fairseq/examples/roberta/wsc/wsc_utils.py,en_core_web_lg.load,spacy/en_core_web_lg
github.com/0nutation/DUB,examples/roberta/wsc/wsc_utils.py,en_core_web_lg.load,spacy/en_core_web_lg
github.com/Ricardokevins/Kevinpro-NLP-demo,QuerySearch/extractAll.py,en_core_web_lg.load,spacy/en_core_web_lg
github.com/MANGA-UOFA/NACC,examples/roberta/wsc/wsc_utils.py,en_core_web_lg.load,spacy/en_core_web_lg
github.com/OFA-Sys/OFA,fairseq/examples/roberta/wsc/wsc_utils.py,en_core_web_lg.load,spacy/en_core_web_lg
github.com/yumoxu/lqsum,guided_summarization/bart/examples/roberta/wsc/wsc_utils.py,en_core_web_lg.load,spacy/en_core_web_lg
github.com/Ascend/ModelZoo-PyTorch,PyTorch/contrib/nlp/roberta_for_PyTorch/examples/roberta/wsc/wsc_utils.py,en_core_web_lg.load,spacy/en_core_web_lg
github.com/lancopku/well-classified-examples-are-underestimated,translation/examples/roberta/wsc/wsc_utils.py,en_core_web_lg.load,spacy/en_core_web_lg
github.com/mega002/ff-layers,examples/roberta/wsc/wsc_utils.py,en_core_web_lg.load,spacy/en_core_web_lg
github.com/Amey-Thakur/DEPRESSION_DETECTION_USING_TWEETS,src/train_utilities.py,en_core_web_lg.load;en_core_web_lg.load,spacy/en_core_web_lg
github.com/fuzihaofzh/distant_supervision_nlg,fairseq/examples/roberta/wsc/wsc_utils.py,en_core_web_lg.load,spacy/en_core_web_lg
github.com/juntang-zhuang/fairseq-adabelief,examples/roberta/wsc/wsc_utils.py,en_core_web_lg.load,spacy/en_core_web_lg
github.com/KhalilMrini/Medical-Question-Understanding,examples/roberta/wsc/wsc_utils.py,en_core_web_lg.load,spacy/en_core_web_lg
github.com/yfqiu-nlp/hiergnn,fairseq/examples/roberta/wsc/wsc_utils.py,en_core_web_lg.load,spacy/en_core_web_lg
github.com/Ascend/ModelZoo-PyTorch,PyTorch/built-in/nlp/Data2vec_for_PyTorch/examples/roberta/wsc/wsc_utils.py,en_core_web_lg.load,spacy/en_core_web_lg
github.com/ybai-nlp/CLS_CR,examples/roberta/wsc/wsc_utils.py,en_core_web_lg.load,spacy/en_core_web_lg
github.com/baoguangsheng/g-transformer,examples/roberta/wsc/wsc_utils.py,en_core_web_lg.load,spacy/en_core_web_lg
github.com/SHEERANER/Modelzoo_centermask_pytorch,PyTorch/dev/nlp/FairSeq_Transformer_ID0496_for_PyTorch/examples/roberta/wsc/wsc_utils.py,en_core_web_lg.load,spacy/en_core_web_lg
github.com/Ascend/ModelZoo-PyTorch,PyTorch/built-in/audio/Vgg_Transformer_for_PyTorch/examples/roberta/wsc/wsc_utils.py,en_core_web_lg.load,spacy/en_core_web_lg
github.com/xcfcode/PLM_annotator,bart/examples/roberta/wsc/wsc_utils.py,en_core_web_lg.load,spacy/en_core_web_lg
github.com/tuhinjubcse/MetaphorGenNAACL2021,datacreation/fairseq/examples/roberta/wsc/wsc_utils.py,en_core_web_lg.load,spacy/en_core_web_lg
github.com/microsoft/MPNet,pretraining/examples/roberta/wsc/wsc_utils.py,en_core_web_lg.load,spacy/en_core_web_lg
github.com/jxhe/efficient-knnlm,examples/roberta/wsc/wsc_utils.py,en_core_web_lg.load,spacy/en_core_web_lg
github.com/fe1ixxu/Intra-Distillation,Machine_Translation/examples/roberta/wsc/wsc_utils.py,en_core_web_lg.load,spacy/en_core_web_lg
github.com/yzpang/gold-off-policy-text-gen-iclr21,examples/roberta/wsc/wsc_utils.py,en_core_web_lg.load,spacy/en_core_web_lg
github.com/jerinphilip/fairseq-ilmt,examples/roberta/wsc/wsc_utils.py,en_core_web_lg.load,spacy/en_core_web_lg
github.com/ShuyangCao/inference_head_masking,fairseq/examples/roberta/wsc/wsc_utils.py,en_core_web_lg.load,spacy/en_core_web_lg
github.com/alinlab/ifseg,custom_fairseq/examples/roberta/wsc/wsc_utils.py,en_core_web_lg.load,spacy/en_core_web_lg
github.com/imatge-upc/sign-topic,examples/roberta/wsc/wsc_utils.py,en_core_web_lg.load,spacy/en_core_web_lg
github.com/mrmechko/pytrips,pytrips/tools/__init__.py,en_core_web_lg.load,spacy/en_core_web_lg
github.com/mswellhao/Dangle,fairseq/examples/roberta/wsc/wsc_utils.py,en_core_web_lg.load,spacy/en_core_web_lg
github.com/CUMLSec/stateformer,examples/roberta/wsc/wsc_utils.py,en_core_web_lg.load,spacy/en_core_web_lg
github.com/ntunlp/mulda,code/mbart/examples/roberta/wsc/wsc_utils.py,en_core_web_lg.load,spacy/en_core_web_lg
github.com/idiap/wav2vec-lfmmi,examples/roberta/wsc/wsc_utils.py,en_core_web_lg.load,spacy/en_core_web_lg
github.com/ashwanitanwar/nmt-transfer-learning-xlm-r,work/systems/XLM-R-binariser/fairseq/examples/roberta/wsc/wsc_utils.py,en_core_web_lg.load,spacy/en_core_web_lg
github.com/rycolab/differentiable-subset-pruning,fairseq/examples/roberta/wsc/wsc_utils.py,en_core_web_lg.load,spacy/en_core_web_lg
github.com/RingBDStack/DP-CroSUE,dp_embed/perturb_rawdata/generate_text_feature.py,en_core_web_lg.load,spacy/en_core_web_lg
github.com/gpengzhi/Bi-SimCut,fairseq/examples/roberta/wsc/wsc_utils.py,en_core_web_lg.load,spacy/en_core_web_lg
github.com/LYX0501/SPRING,fairseq/examples/roberta/wsc/wsc_utils.py,en_core_web_lg.load,spacy/en_core_web_lg
github.com/urvashik/knnmt,examples/roberta/wsc/wsc_utils.py,en_core_web_lg.load,spacy/en_core_web_lg
github.com/sunzewei2715/Graformer,examples/roberta/wsc/wsc_utils.py,en_core_web_lg.load,spacy/en_core_web_lg
github.com/zhuchen03/gradinit,fairseq/examples/roberta/wsc/wsc_utils.py,en_core_web_lg.load,spacy/en_core_web_lg
github.com/taokz/BiomedGPT,fairseq/examples/roberta/wsc/wsc_utils.py,en_core_web_lg.load,spacy/en_core_web_lg
github.com/SuffolkLITLab/FormFyxer,formfyxer/lit_explorer.py,en_core_web_lg.load,spacy/en_core_web_lg
github.com/freewym/espresso,examples/roberta/wsc/wsc_utils.py,en_core_web_lg.load,spacy/en_core_web_lg
github.com/ofirpress/shortformer,examples/roberta/wsc/wsc_utils.py,en_core_web_lg.load,spacy/en_core_web_lg
github.com/THU-KEG/KEPLER,examples/roberta/wsc/wsc_utils.py,en_core_web_lg.load,spacy/en_core_web_lg
github.com/zhuchen03/MVA,nmt_nlu/examples/roberta/wsc/wsc_utils.py,en_core_web_lg.load,spacy/en_core_web_lg
github.com/HKUNLP/reparam-discrete-diffusion,fairseq/examples/roberta/wsc/wsc_utils.py,en_core_web_lg.load,spacy/en_core_web_lg
github.com/qute012/Wav2Keyword,examples/roberta/wsc/wsc_utils.py,en_core_web_lg.load,spacy/en_core_web_lg
github.com/chenyangh/DSLP,examples/roberta/wsc/wsc_utils.py,en_core_web_lg.load,spacy/en_core_web_lg
github.com/szu-advtech/AdvTech,2022/30-王君豪-指导老师-陈小军/OFA/fairseq/examples/roberta/wsc/wsc_utils.py,en_core_web_lg.load,spacy/en_core_web_lg
github.com/violet-zct/fairseq-dro-mnmt,examples/roberta/wsc/wsc_utils.py,en_core_web_lg.load,spacy/en_core_web_lg
github.com/nyu-mll/msgs,fairseq/examples/roberta/wsc/wsc_utils.py,en_core_web_lg.load,spacy/en_core_web_lg
github.com/HKUNLP/efficient-attention,fairseq/examples/roberta/wsc/wsc_utils.py,en_core_web_lg.load,spacy/en_core_web_lg
github.com/frankxu2004/knnlm-why,examples/roberta/wsc/wsc_utils.py,en_core_web_lg.load,spacy/en_core_web_lg
github.com/JunjieHu/deep,fairseq/examples/roberta/wsc/wsc_utils.py,en_core_web_lg.load,spacy/en_core_web_lg
github.com/ictnlp/Seq-NAT,examples/roberta/wsc/wsc_utils.py,en_core_web_lg.load,spacy/en_core_web_lg
github.com/AutoTemp/Shallow-Aggressive-Decoding,fairseq/examples/roberta/wsc/wsc_utils.py,en_core_web_lg.load,spacy/en_core_web_lg
github.com/imatge-upc/slt_how2sign_wicv2023,examples/roberta/wsc/wsc_utils.py,en_core_web_lg.load,spacy/en_core_web_lg
github.com/duyichao/NPDA-KNN-ST,examples/roberta/wsc/wsc_utils.py,en_core_web_lg.load,spacy/en_core_web_lg
github.com/songmzhang/CBMI,fairseq-cbmi/examples/roberta/wsc/wsc_utils.py,en_core_web_lg.load,spacy/en_core_web_lg
github.com/kernelmachine/demix,examples/roberta/wsc/wsc_utils.py,en_core_web_lg.load,spacy/en_core_web_lg
github.com/microsoft/unilm,kosmos-2/fairseq/examples/roberta/wsc/wsc_utils.py,en_core_web_lg.load,spacy/en_core_web_lg
github.com/codecaution/EvoMoE,examples/roberta/wsc/wsc_utils.py,en_core_web_lg.load,spacy/en_core_web_lg
github.com/qute012/Wav2Keyword,build/lib.linux-x86_64-3.6/fairseq/examples/roberta/wsc/wsc_utils.py,en_core_web_lg.load,spacy/en_core_web_lg
github.com/rooshenas/ebr_mt,src/fairseq/examples/roberta/wsc/wsc_utils.py,en_core_web_lg.load,spacy/en_core_web_lg
github.com/kyegomez/Finetuning-Suite,unilm/decoding/IAD/fairseq/examples/roberta/wsc/wsc_utils.py,en_core_web_lg.load,spacy/en_core_web_lg
github.com/ModelOriented/AI-strategies-papers-regulations-monitoring,scripts/old/definition_data_generation.py,en_core_web_lg.load,spacy/en_core_web_lg
github.com/Victorwz/LongMem,fairseq/examples/roberta/wsc/wsc_utils.py,en_core_web_lg.load,spacy/en_core_web_lg
github.com/EngineersBox/NewsAggregator,summary_1/name_entity.py,en_core_web_trf.load,spacy/en_core_web_trf
github.com/eea/nlp-service,app/api/questiongeneration/lib/questiongeneration.py,en_core_web_trf.load,spacy/en_core_web_trf
github.com/EngineersBox/NewsAggregator,knn_indexing/summary_1/name_entity.py,en_core_web_trf.load,spacy/en_core_web_trf
github.com/luismond/tm2tb,tm2tb/spacy_models.py,it_core_news_md.load,spacy/it_core_news_md
github.com/cltl/entity-identification-from-scratch,tmp_scripts/inspect_embeddings.py,nl_core_news_sm.load,spacy/nl_core_news_sm
github.com/cltl/entity-identification-from-scratch,tests/test_naf.py,nl_core_news_sm.load,spacy/nl_core_news_sm
github.com/uvacw/inca,inca/processing/ner_processing.py,nl_core_news_sm.load,spacy/nl_core_news_sm
github.com/cltl/entity-identification-from-scratch,wip/naf_handler.py,nl_core_news_sm.load,spacy/nl_core_news_sm
github.com/svrijenhoek/RADio,dart/preprocess/nlp.py,nl_core_news_sm.load,spacy/nl_core_news_sm
github.com/glorelvalle/socialhaterbert,src/SocialGraph/acc_analyzer.py,es_core_news_sm.load,spacy/es_core_news_sm
github.com/wri-dssg-omdena/policy-data-analyzer,old_folders_and_files/src/data/text_preprocessor.py,es_core_news_sm.load,spacy/es_core_news_sm
github.com/thunlp/BERT-KPE,preprocess/prepro_utils.py,es_core_news_sm.load,spacy/es_core_news_sm
github.com/wri-dssg-omdena/policy-data-analyzer,old_folders_and_files/preprocessing_text_Omdena/text_preprocessor.py,es_core_news_sm.load,spacy/es_core_news_sm
github.com/jssprz/SemanticMemes,utils.py,es_core_news_sm.load,spacy/es_core_news_sm
github.com/jorgeortizfuentes/spanish_nlp,src/spanish_nlp/augmentation/abstract.py,es_core_news_sm.load,spacy/es_core_news_sm
github.com/wri-dssg-omdena/policy-data-analyzer,tasks/data_augmentation/notebooks/Omdenas old scripts/text_preprocessor.py,es_core_news_sm.load,spacy/es_core_news_sm
github.com/jorgeortizfuentes/spanish_nlp,src/spanish_nlp/preprocess.py,es_core_news_sm.load;es_core_news_sm.load,spacy/es_core_news_sm
github.com/luismond/tm2tb,tm2tb/spacy_models.py,de_core_news_md.load,spacy/de_core_news_md
github.com/ialifinaritra/Text_Summarization,Summarizer.py,fr_core_news_md.load,spacy/fr_core_news_md
github.com/luismond/tm2tb,tm2tb/spacy_models.py,fr_core_news_md.load,spacy/fr_core_news_md
github.com/howl-anderson/Chinese_models_for_SpaCy,test.py,zh_core_web_sm.load,spacy/zh_core_web_sm
github.com/EastBayEv/SSDS-TAML,_build/jupyter_execute/fall2022/9_spaCy_textaCy_intros.py,en_core_web_md.load,spacy/en_core_web_md
github.com/minggli/chatbot,chatbot/nlp/embedding.py,en_core_web_md.load,spacy/en_core_web_md
github.com/vseloved/prj-nlp-2020,students/AlisaMansurova/02-structural-linguistics/headlines/viral_news.py,en_core_web_md.load,spacy/en_core_web_md
github.com/wandb/wandb,wandb/integration/prodigy/prodigy.py,en_core_web_md.load,spacy/en_core_web_md
github.com/ScienceOctopus/octoflow,octoflow/core.py,en_core_web_md.load,spacy/en_core_web_md
github.com/informagi/conversational-entity-linking-2022,tool/s2e_pe/pe.py,en_core_web_md.load,spacy/en_core_web_md
github.com/theblackcat102/language-models-are-knowledge-graphs-pytorch,process.py,en_core_web_md.load,spacy/en_core_web_md
github.com/Wrosinski/Kaggle-Quora,models/spacy_decomposable_attention/run_SKF_full.py,en_core_web_md.load,spacy/en_core_web_md
github.com/Meeting-Scheduler-Chatbot/Meeting-Scheduler-Rasa-Chatbot,actions/actions.py,en_core_web_md.load,spacy/en_core_web_md
github.com/vseloved/prj-nlp-2020,students/AlisaMansurova/02-structural-linguistics/headlines/headline_formatter.py,en_core_web_md.load,spacy/en_core_web_md
github.com/EastBayEv/SSDS-TAML,_build/jupyter_execute/fall2022/9_spaCy_textaCy.py,en_core_web_md.load,spacy/en_core_web_md
github.com/theblackcat102/language-models-are-knowledge-graphs-pytorch,extract.py,en_core_web_md.load,spacy/en_core_web_md
github.com/vseloved/prj-nlp-2020,students/AlisaMansurova/04-nlp-full-circle/fact_checking/fact_checking.py,en_core_web_md.load,spacy/en_core_web_md
github.com/lasigeBioTM/BOLSTM,zhangmodel/Sourcecode/generate_onto_embedding.py,en_core_web_md.load,spacy/en_core_web_md
github.com/EastBayEv/SSDS-TAML,_build/jupyter_execute/fall2022/8_spaCy_textaCy.py,en_core_web_md.load,spacy/en_core_web_md
github.com/yuhsinliu1993/Quora_QuestionPairs_DL,run.py,en_core_web_md.load;en_core_web_md.load;en_core_web_md.load,spacy/en_core_web_md
github.com/AaronYang2333/DSCI_558,ay_hw_2/Bo_Yang_hw02_task_2_3.py,en_core_web_md.load,spacy/en_core_web_md
github.com/ecohealthalliance/EpiTator,epitator/spacy_nlp.py,en_core_web_md.load,spacy/en_core_web_md
github.com/EastBayEv/SSDS-TAML,_build/jupyter_execute/spring2023/Solutions.py,en_core_web_md.load,spacy/en_core_web_md
github.com/mukund109/word-mesh,wordmesh/text_processing.py,en_core_web_md.load,spacy/en_core_web_md
github.com/dod-advana/gamechanger-ml,gamechangerml/src/featurization/rank_features/rank.py,en_core_web_md.load,spacy/en_core_web_md
github.com/Shivmohith/Visual-Assistance-for-the-Blind,product.py,en_core_web_md.load,spacy/en_core_web_md
github.com/yscoder-github/nlp_competition,atec/qq_sim_helper/Kaggle-Quora/models/spacy_decomposable_attention/run_SKF_full.py,en_core_web_md.load,spacy/en_core_web_md
github.com/vseloved/prj-nlp-2020,students/AlisaMansurova/09-textual-entailment/09-textual-entailment.py,en_core_web_md.load,spacy/en_core_web_md
github.com/dod-advana/gamechanger-data,tests/dependency_tests/python_and_system_prereqs/test_ml_models.py,en_core_web_md.load,spacy/en_core_web_md
github.com/vseloved/prj-nlp-2020,students/AlisaMansurova/02-structural-linguistics/collocations/collocations_en.py,en_core_web_md.load,spacy/en_core_web_md
github.com/EastBayEv/SSDS-TAML,_build/jupyter_execute/spring2023/8_spaCy_textaCy.py,en_core_web_md.load,spacy/en_core_web_md
github.com/Lednik7/SpacyToolKit,examples/stacking_models.py,en_core_web_md.load,spacy/en_core_web_md
github.com/AaronYang2333/DSCI_558,ay_hw_2/Bo_Yang_hw02/Bo_Yang_hw02_task_2_3.py,en_core_web_md.load,spacy/en_core_web_md
github.com/informagi/REL,src/REL/crel/s2e_pe/pe.py,en_core_web_md.load,spacy/en_core_web_md
github.com/dod-advana/gamechanger-ml,gamechangerml/src/utilities/spacy_model.py,en_core_web_md.load,spacy/en_core_web_md
github.com/samk3211/NewsRecommender,nlp.py,en_core_web_md.load,spacy/en_core_web_md
github.com/mariana-scorp/adjective-vs-adverb,aux/prepare_data.py,en_core_web_md.load,spacy/en_core_web_md
github.com/luismond/tm2tb,tm2tb/spacy_models.py,en_core_web_md.load,spacy/en_core_web_md
github.com/goldenrecursion/data-apps,streamlit/pages/Text_to_Triples.py,en_core_web_md.load,spacy/en_core_web_md
github.com/luisfredgs/extractive-text-summarization,summarization.py,pt_core_news_sm.load,spacy/pt_core_news_sm
github.com/luizanisio/word2vec_spacy,codigo_w2v/abrirmodelo.py,pt_core_news_sm.load,spacy/pt_core_news_sm
github.com/RingBDStack/DP-CroSUE,dp_embed/perturb_rawdata/San_Text/run_SanText.py,zh_core_web_lg.load,spacy/zh_core_web_lg
github.com/RingBDStack/DP-CroSUE,DP-CroSUE-mindspore/dpcrosue/dp_embed/perturb_rawdata/generate_text_feature.py,zh_core_web_lg.load,spacy/zh_core_web_lg
github.com/COLOR-SKY/DialogueExtractor,DialogueExtractor_ch/Bert_ext.py,zh_core_web_lg.load,spacy/zh_core_web_lg
github.com/RingBDStack/DP-CroSUE,dp_embed/perturb_rawdata/generate_text_feature.py,zh_core_web_lg.load,spacy/zh_core_web_lg
github.com/amosproj/amos2023ss03-qachat,QAChat/Data_Processing/document_embedder.py,xx_ent_wiki_sm.load,spacy/xx_ent_wiki_sm
github.com/ianb/personal-history-archive,python/pha/summarytools.py,xx_ent_wiki_sm.load,spacy/xx_ent_wiki_sm
github.com/dilyararimovna/text_expansion,text_expansion.py,xx_ent_wiki_sm.load,spacy/xx_ent_wiki_sm
github.com/ellarabi/CodeSwitch-Reddit,data_collection/code_switch_extraction.py,xx_ent_wiki_sm.load,spacy/xx_ent_wiki_sm
github.com/lmeulen/PrivacyFilter,PrivacyFilter.py,nl_core_news_lg.load,spacy/nl_core_news_lg
github.com/eellak/gsoc2018-3gm,3gm/topic_models.py,el_core_news_sm.load,spacy/el_core_news_sm
github.com/eellak/gsoc2018-3gm,3gm/syntax.py,el_core_news_sm.load,spacy/el_core_news_sm
github.com/eellak/gsoc2019-3gm,3gm/syntax.py,el_core_news_sm.load,spacy/el_core_news_sm
github.com/eellak/gsoc2019-3gm,3gm/topic_models.py,el_core_news_sm.load,spacy/el_core_news_sm
